tid ,section,row,seat,listed_price ,sold_price ,sold_date,transaction id 
8b25a2b4-a135-4c04-8531-105e73ef2007,3,71,199,411.89,270.72,2023-01-20,9201fa00-4b12-469b-8071-635af6afd35a
11a8ab80-edfc-40a6-ac43-89c2ce610c6b,7,179,66,647.66,968.64,2023-03-11,b45e618f-de79-42ac-bcf8-5d6234ac178d
fb754ae5-e127-4adc-a000-bbfabb40ddac,2,96,76,402.45,613.48,2023-03-25,7625e7c2-2f66-4b50-8696-e99302528695
b4c0fb8a-c16e-46ad-9ce4-42674944f145,1,45,164,868.99,820.5,2023-04-21,21ebbdd7-992c-41d2-8eeb-0b75e5976ff2
2ce1597c-6aae-4f38-802f-92cea3289bc6,6,77,69,863.81,563.0,2022-12-24,c535a270-9321-43d7-bff3-38cc4f099b01
2898208d-da60-4fd9-af18-933ebeaba6c4,4,60,175,396.26,161.21,2023-01-04,eaddcee7-4c9c-4fa4-8f39-fde33fbc54a4
a099153f-5eaf-4f20-b39f-b7042a089ff4,7,148,54,838.54,631.59,2023-05-17,cff103ca-8087-46bf-a000-5ff55fb2620d
b2bbaed5-10d0-4fec-8a99-de1988d3a718,4,33,56,433.77,339.75,2023-03-30,fd049d3e-a721-4d1e-8fda-e32340ae4a25
53b94f5e-6679-499f-968b-429f2fe60dd9,3,104,57,431.99,51.26,2023-01-28,6770e549-7d28-4d24-8190-fd37ba72272e
0c03f4ad-e3d2-4722-80d4-325e15d57092,2,79,146,344.74,400.95,2023-04-20,d2d01ba1-869d-40f2-b798-c3471f533fbc
28268335-a5c2-407b-b2c6-1c562d7a5351,6,124,159,545.06,703.14,2022-12-31,44d521fc-37b3-4cd4-afef-5077f36a1947
14ad2215-4f5d-42e3-8524-bd0dc9556990,6,155,28,456.3,709.55,2023-02-13,2c8f3738-04e9-4705-a4e3-77bc7f755bf9
25982f76-7b0f-4208-be6b-52c7848727c2,7,31,197,666.85,539.68,2023-05-09,fbf733e9-6733-4570-9081-e8b3dd9372a6
e0c3c69e-978e-42e0-8245-6adf789b4ca8,8,160,47,910.3,245.19,2023-05-11,291edd2b-8540-4054-beac-4855fb55f795
25c167f9-4e32-4407-adc7-c47d6fecad84,2,46,110,912.46,189.76,2023-01-29,f6d5a4b7-2b11-47a1-bdd0-57976bc68233
7af73842-20fe-4956-b6a6-e5b51df4dae1,8,8,16,561.81,912.27,2023-04-13,d372b019-35c8-4ea5-b9c2-64aff10fe262
5f4a3fbc-49a0-455c-b571-e4ab5e160f4a,4,147,84,173.08,354.3,2023-03-27,b234c86d-394b-483c-86ba-7a7dc3660f7f
e993d61f-7ad3-4c16-be87-a22419b1d884,5,6,40,520.98,282.43,2023-03-29,ca0bff1b-7e87-4ed2-91ee-8bf12e880af8
0875a679-102b-4871-8200-c16d5f8c9120,1,111,13,411.22,334.3,2023-02-10,023da9c4-0f38-49be-93f1-c74630869771
5aa0629d-dd58-43f4-8bdb-e1e60371f481,2,126,9,813.05,69.06,2023-02-20,2c8fc051-5f73-442f-8594-bbd123bee920
8e9b3f27-8dc1-40c3-92f0-c5a08d97b0c4,3,161,53,347.27,576.82,2023-02-09,f7da6434-9578-43d0-b75e-988cbc7ef6d9
26a63b38-7afa-4f70-893d-7ec146aef3b8,8,161,79,144.34,100.46,2022-12-18,ba04f886-7fcb-4ad8-ae82-89fae8e9e2b3
222b1d89-c483-4645-a880-ba1cb316499d,4,179,111,530.99,178.83,2022-12-31,a1f0a93f-840e-461c-a131-ce63c014c8dc
d77f9a6c-dd4e-455f-a732-d2dc724c6e70,4,12,103,346.35,185.52,2022-12-02,e1acfc10-dd5e-4e28-86f7-afb174ef5725
fbffa1c0-cb34-4f21-9406-065ee8f6e325,6,187,134,264.21,296.99,2022-12-02,5247d6b1-b037-458f-b53d-8454200bb372
53e1a5df-c8ed-4679-846b-876b1d90e6eb,1,68,96,589.6,948.78,2023-03-26,ca3f3d9e-7af5-4c96-a273-6d7a1bbc4155
fc1282e5-d76b-46d5-81ca-7ba133e1d33a,1,186,80,838.15,455.54,2023-01-07,9559682f-8572-4df2-9fee-954ca18f3d96
2ff48b4d-27d0-47f6-93b7-80605abc7210,5,169,75,233.54,112.33,2022-12-06,0c333ebe-88f8-4248-b7c8-a885960a4d5d
7df47107-e20b-40ed-b372-86a91723e024,8,37,89,990.19,352.4,2023-03-20,8c317141-7880-4091-ab4c-afaa8abc8fe5
62fbbed2-11fb-4e2a-989c-f14d576c00db,5,39,173,903.35,332.54,2023-04-18,b7e3950f-68ca-4120-824e-305ed24a8506
1d9f4f93-75d2-46ab-a6d4-a9cf4bc2f50a,6,38,147,342.67,780.11,2023-02-21,f3ab5e98-bed9-4c2d-8204-800d7191a3fc
e106291d-c61c-4b0d-a82c-3ac7f9baf9e5,2,134,95,247.55,293.56,2022-12-22,8c91e1eb-a51c-487b-aa1e-1bc2ad8ed410
112954eb-f19c-4122-b49a-72a38ec609fc,5,1,48,734.14,691.19,2023-02-07,ef81ff94-05e5-40f5-bc28-b0ad0441d6a3
01238084-47f6-49e3-a5f4-2d181101907d,2,92,53,352.19,897.74,2023-05-30,9e9e0e33-da2f-484f-8391-162fdb11e274
ab758bfb-96d5-4e95-8423-a660dfbb70a6,8,60,192,759.16,170.4,2023-02-22,40ed3df1-25c3-4783-88bf-650a78e3e160
7bfd96ca-34e1-44ea-9eff-029dd946a592,5,139,123,859.4,657.59,2022-12-10,39d561c3-c231-46e5-8375-c072a1bc64f3
8d6d799a-a1c5-44e4-8715-63f478bd2e05,8,144,5,277.48,303.19,2023-01-01,ebcba9f7-a035-4977-9165-b3f7e6ceeaef
9a8fb770-ddee-4ab8-bbbc-1d922dd0cc16,1,104,186,390.18,749.5,2023-01-29,8c8d101b-ca19-49e6-800f-8630e8917f92
a1f5ad1d-c1a3-476c-af3a-9caea984b458,6,143,133,267.79,397.57,2022-12-16,9edab726-fe1e-495c-b1bf-61abb432b83b
01268773-0702-45e6-a37f-58478d6be8dc,7,155,172,372.96,597.4,2023-02-05,be41e7b9-1d17-4e73-900e-ce03697f3902
4877e622-7128-4f73-9df7-b23a7d7ea464,5,138,140,544.94,587.82,2023-02-13,b79a5476-e48a-4676-adbb-f5de0e4a0bcc
d0f9580f-26a8-499a-96db-62e1663f1790,7,48,131,276.3,947.64,2022-12-03,098c6395-89e1-4ddb-8d50-c49a0818ef0d
dbe164fb-52ee-40b0-baea-a2d9fbc9da35,1,118,182,278.22,401.89,2023-01-04,2fbe9530-cc00-4a85-a455-a18a30437250
1b4ce438-a5c1-4bf4-88af-7e7432b37ca9,2,153,46,643.64,367.25,2023-01-29,2f67c74b-76b8-42f8-8d31-1cad9f7bb5a7
629bca80-f7eb-48eb-8b00-b016c400f7f0,5,19,86,448.04,814.78,2023-02-25,780616e0-b980-4cd0-90c8-b94dd3b4edab
3c209ca1-44e3-4383-8412-84208e2eecc7,8,114,35,284.27,663.41,2022-12-02,fd6875bb-5a8b-4e91-9b27-09987f39eee5
aa185f89-24e2-4ec7-94b2-cd17147bd824,8,109,179,434.63,520.64,2023-02-02,594eed38-61f5-4132-a2c1-b542fdbc4f2c
59eda637-992f-47e4-96cc-97e8f8ef0e62,2,150,114,946.72,96.59,2023-04-07,3fbbb197-5f4f-4625-be15-7802b83a38ec
e8e02827-44bd-4c32-8bb6-227a1bd456f1,6,49,141,974.13,444.6,2023-01-10,7fd59a7e-f9ef-48c6-be61-028bb3ae3d0e
c98b1bad-a4f5-4467-84fe-e542fcb3a880,4,131,21,144.63,391.71,2023-03-11,b0bfa4f8-9f33-4f10-81a1-a9433ba1ca29
355f25cc-6c46-4500-be5c-d544a5af338d,1,175,140,234.71,720.72,2023-03-23,ac77d7fa-8b8d-4024-9a78-7383769355a5
5aa9eb1c-56d3-4364-82c0-999520239b48,8,140,10,155.33,755.17,2022-12-29,4e3586df-6f2f-4aac-b198-15a4ee6c0db0
6fd792a0-3741-481a-9e85-b67e40eb665a,1,98,38,306.26,800.44,2023-02-06,d3621fe6-83ad-4c65-90d1-d3d8808cffea
f919b869-08d0-462e-bf03-8ad013a224f7,4,135,161,328.41,260.77,2023-05-13,9d0977c5-6f27-4448-9a1e-92302550db6e
99684eda-4426-4ac1-97dc-6639dbeba29d,2,140,167,820.41,897.9,2023-02-10,47cf86bc-ba1c-4558-945d-d1e26a6ba52e
3a9df9fb-fa97-48aa-9cd3-f1aee42b15d2,7,50,180,926.67,315.93,2022-12-05,ccf0d1cb-44ee-46da-aeb6-8e88b376688e
a4cd4c8e-c52a-4153-9d79-7e7eb8918f7c,6,62,35,366.59,643.28,2023-03-31,657f5eb4-61ec-4870-85d3-df460c56967f
79929500-32a1-4412-8eba-677d65b10cd2,5,100,29,892.35,661.68,2023-02-20,d39e24b5-801f-4d6c-ab8e-e88f04bce8f2
c7820980-a5ca-49d0-8bb0-e25b5af3bd15,7,114,61,915.27,68.62,2023-03-11,feee1963-eecd-4dde-a059-4c502c39a3d6
b240804a-07f3-49b2-aef8-1efc30ec6d6b,5,120,200,609.97,703.16,2023-04-03,2bee5e75-4afa-4804-af8a-8e4e87d22573
e353686f-68d4-449d-900c-04c7ee4f4bf8,1,64,83,257.49,572.97,2023-01-12,c955e488-2fed-45e7-943d-75996981f359
ba38c674-66a0-4721-92d5-7fe8b2826971,8,183,145,844.11,357.78,2023-05-16,381bc2cc-5d94-423c-a75c-cdb9d8aae29e
e48845ae-2158-4a60-8254-d75f179e874e,3,161,145,354.67,572.63,2022-12-25,7f2d70fc-37f9-4afe-89e2-b262f76b0e96
62a88b41-fdeb-499a-abea-d04fb62dde30,7,94,155,152.04,367.24,2022-12-14,e1c6241a-191e-4e67-bf17-5ac7775ea167
7c0aa684-2c70-409f-88d2-aa8bae5aeb9b,2,197,168,127.02,919.57,2023-02-27,1b77059e-5dd6-453e-9e31-4477c7309fdb
9a7b0300-44cc-468a-8621-c02070dc3cad,8,59,166,162.03,365.68,2023-04-18,0e6ef75a-321e-460f-9e1b-2d2c241e7530
c4270144-c65f-48d6-aa82-2c3f21844d4b,3,117,55,505.6,895.92,2023-03-30,cd603cd6-1cf5-49c5-a8b5-143a281dadd6
2dfada3d-8bd7-4a37-9059-21d19566eb99,8,80,28,807.19,260.99,2022-12-14,1fb89469-05bb-47f2-b23e-29d23b4fd95b
21488712-8959-4d1c-8fdc-c16fb99ceaa4,1,61,107,363.19,340.05,2023-02-04,252320d4-9fbe-4f3b-85f6-4aa9f96f6464
c1e27ad7-b82e-4d0c-9dd1-2f4b4758ba3c,3,20,17,162.58,900.36,2023-03-20,a8cdf634-92cd-462b-bf96-e2e3bd6d025f
ab24af90-b232-4865-b418-3acd48eefbd7,7,38,40,965.96,952.29,2023-03-26,a16b0585-75ed-40a6-8b1b-a90015aac568
1fc36d4f-2402-424e-90ec-47219e9e0b08,3,56,104,658.32,378.64,2022-12-17,04517dad-2bf2-4710-905a-52a428e382b0
f9b26301-66d8-448e-a429-8b9b513f9c42,1,144,22,507.89,155.19,2023-04-27,7b79154f-38c6-410d-b028-c902b4f961fe
98ebf975-8807-4418-9065-9c28f72999f5,5,200,174,482.78,758.35,2023-01-10,3017fe74-367f-454d-b494-77232c3c7567
db2437f1-66c7-41cd-ba72-553594933205,5,117,137,143.19,220.4,2023-01-02,a3a5d5a1-8e05-4341-937f-ce4af55e560b
6c29be16-dab4-4aa0-8473-8b4cc7cb75aa,1,183,78,303.88,197.26,2023-04-11,3e4059f5-f0cb-40e8-9555-c26c4b309fb8
906168ed-0921-4981-adfe-5968b401fc50,5,106,189,411.44,634.35,2023-02-27,3240a945-4736-437c-9b84-fc003c9ce3d4
1205b5b1-9294-4f54-b059-50bca8e5fdd7,6,161,4,803.37,952.08,2023-02-14,c494efac-c391-4435-b967-1569b5c0755b
228a8939-986c-44f3-8e93-69429c496206,4,172,166,491.54,83.1,2023-04-11,8e63b173-7af0-4b64-86d4-b9659b204c94
c3c58bb7-ca50-49bd-93aa-05451eab71fe,8,170,162,632.52,936.04,2023-03-31,c81e92dc-fe09-4ea6-a372-d544e057e35c
5bd7ba81-a1ff-43ac-914c-243c2eca6e21,8,64,53,463.79,347.55,2023-02-17,0f9bb72e-dd23-4b44-959c-805a2f220bd4
17eafd4b-d662-4904-a3dc-89c29c467e84,4,34,39,995.82,317.53,2023-03-01,892eb02d-4ed8-4c9e-9a5a-53ed66473ec4
35fd7b2e-701d-45b8-8081-070b7dea2948,5,118,149,419.63,489.22,2023-01-15,df793af9-fc8e-42e7-86d5-c7947eda94f1
f10dd0ce-8f89-49c8-b193-58b0deacb8a7,4,30,76,351.67,300.53,2023-03-01,4126cc40-c388-4b5b-81d8-072b2a8ddaf3
631aa762-9299-4256-988c-3fa929fa5b59,5,103,186,710.57,776.33,2023-02-03,de33a279-f6ab-4ad8-8255-73b00ad3e5ba
3f17fe07-7220-4c58-94d9-c792574ee422,7,191,15,247.16,715.59,2022-12-12,2645a2a7-63f5-46cd-a588-c830cdfe3dfc
1b47867f-a33f-4dab-839f-7bfc46c28af9,5,114,164,827.3,197.72,2023-04-10,208f7ecf-1a6d-487b-85da-8475d6653116
86d72b50-2441-4ccf-b5c0-5ee7742bb544,4,12,124,242.5,313.87,2023-05-05,358f7c96-c44f-4f01-aa50-9a0f1ace3cd1
69e61fc0-1285-475d-9b6a-5a568eec5406,6,1,26,296.14,461.28,2022-12-01,c254ebcb-15a6-46f6-8dbd-d8eb3496d91e
6cf18597-4e20-427b-ad06-37ce933fb829,2,162,198,339.52,749.91,2023-01-30,aeeec356-243b-43bb-be9f-ae194176a4bd
9bdbb2b0-52f3-4c6d-8747-38e0756718ab,6,1,123,234.23,810.34,2023-05-12,e65c63c1-233b-4af3-99ab-09989d4899d7
30d360ed-4ac3-4450-81ca-cb9249bbdda9,5,133,152,741.19,675.21,2023-03-10,8dfd56ea-f2cb-47ca-b53d-2521c11e5343
cedee4cd-9912-4183-9593-60e9ed52b776,6,189,83,376.57,527.23,2023-02-02,88cbdb12-ca18-4948-9d50-9b4609595863
a16839c0-ff47-471b-a751-a435140d9afb,3,16,74,361.19,255.07,2023-01-15,d6a85037-abc9-4292-9a07-d1d4afcd8307
e60758d5-674c-4733-aaa1-17a9ce73f7a0,8,68,97,802.28,943.3,2023-03-19,dcec1b88-cde8-42c3-9fed-7b9855fe8c39
5bdfd25f-cb13-43b1-a818-78aa2e8eba9f,8,94,8,237.64,222.38,2023-03-12,d3de44dd-a50c-4073-86da-8275b1a84080
1a0a029c-c666-4c71-ada3-790ae6c7ab6c,8,83,191,905.95,650.56,2023-04-20,a81e7c6c-9249-42bd-8142-9757ad6c60a1
af546136-1cb7-4128-b2a0-93917c4c6ed6,3,119,185,447.89,120.12,2023-03-23,0c2a08b5-9857-4497-871b-ad2a20d5277e
c21b6737-cb40-4eeb-9495-e6c8758b5ceb,3,193,143,193.35,346.57,2023-01-20,b9b9368b-7785-4988-8a84-91f4c4f2eeb3
fb8e82a4-b6ff-4f7f-9ae1-2c77097a1303,6,158,144,883.66,349.75,2023-03-12,592f5ee5-a79d-439e-a661-a1af1863c017
260f0c9d-b64b-4bda-8530-8e57ed10af1d,5,117,142,147.15,118.25,2023-04-28,b37a3d9a-acb6-4974-86c0-3f6adcd2c8ab
44e295fa-bcdb-4d7d-9f27-d98c66b5aefc,8,139,77,685.64,950.19,2023-02-12,822d6aeb-04cf-41cf-9c9a-22939b131995
c5996b89-193c-478e-9a34-76d90dca3e52,1,95,33,979.92,708.15,2023-02-20,7a1de320-6c2b-434f-8819-876662170360
4089adbc-e4ba-413e-87b9-91dca2563736,7,51,7,284.61,785.37,2023-05-27,6d66a69a-38c8-4e93-b4a1-cfac5c461cd2
5db2eba7-8135-4e0b-ae45-ab03aae4ba47,6,63,35,891.83,546.99,2023-03-25,15b99858-373c-4638-a0c0-b357c9ee9ae1
2c1bc40e-9dba-4469-a81c-6edf52b6b64d,8,178,184,791.41,370.64,2023-01-14,c7c2e52c-421d-497c-b8c2-6f8589123cac
68900637-dd50-4f19-a623-1b8fead8bbd4,5,108,158,895.19,161.02,2023-01-15,a4fdadef-31fa-40cf-90f2-a1bb671d35ed
44aaeb19-001d-4839-b2f9-677e3f488ea6,4,99,94,647.66,687.21,2023-04-10,fae6b8c0-fb20-4fed-8203-d4ae90b5161c
3c25a4f9-9ce9-485c-bc04-b4bf357f6403,4,17,19,844.81,77.8,2023-01-26,79cb03ac-283c-4691-9002-783cfb9f8a9e
9b60f14e-1da5-4925-b756-9229bfaffbd1,4,17,155,524.62,965.47,2023-04-17,293fc08d-248c-44f2-814d-e0335ff20d5c
4d8ad571-c07e-431d-aab8-6feb36323789,5,38,177,985.67,265.6,2023-01-31,0d1d6782-b69b-4d90-bdfd-de92a602c5be
320c5df4-a49c-41af-8de4-ef4a8b60a7f7,1,71,191,525.81,689.82,2023-01-20,76081f29-55ed-434d-8ef5-73429c118671
861bc811-9ea9-473d-8958-30c596a1c71c,4,102,134,266.25,631.42,2023-03-01,cda08e68-246c-4790-8ed1-4cf82fc8ac83
8588d03e-9563-49ff-8462-dcb45378b882,2,81,112,918.82,473.61,2023-04-24,1a309e68-e8c4-4031-a263-7fc55382db8c
96afc4d5-9ee4-4d86-9dc2-4acd2e70bd0a,7,130,171,215.5,493.23,2023-01-23,b623f564-dbb5-4a7a-865b-170633cac888
0c8f8bd8-047f-4cd5-b610-09fae038fc3b,4,18,191,530.37,779.57,2023-01-28,6205392c-5670-4c0c-9b55-b9c1ef7b2e59
8e17b918-bbb5-4193-a201-5de5d419e693,8,82,94,984.58,144.4,2022-12-08,7b772ce6-5471-487c-8237-f8243c0034de
76e1a9e6-1cdf-4c40-8ff3-e3501a77bcdb,7,196,194,911.79,454.44,2023-01-29,4b595501-6eec-4035-b5f0-7a4b11d88511
144fa2d8-c167-4e7b-8b63-c810edb08a44,5,32,104,455.38,149.46,2023-04-22,ff3f80f5-335d-4428-9777-ec9525db69b5
8afd97b1-e99c-446c-95e5-2b12468ccc70,8,60,58,294.91,980.65,2023-04-12,23836889-7de7-45d5-b23e-ec9cf7709f6c
46376bad-8aaf-4aae-85a5-dfe1fdc89bf5,7,136,104,463.92,625.78,2023-04-10,5d6a0f76-9e1f-42e0-a79b-0c7c45ca0e78
caadb891-00d5-4532-a5d6-dba9da78bdf0,8,156,8,584.52,797.89,2023-05-30,60a69918-fda0-4543-98be-f4f04211e24f
83ed7dbc-0c5c-41b9-ad76-0a6636c78f72,1,128,101,298.76,374.5,2023-05-29,ca259457-5374-49ab-8a7a-03151abc8a45
1ec5384a-5d5a-4f82-8ecf-2a4b241b4175,6,52,153,886.44,968.33,2022-12-11,8d9dbbac-f3a6-407b-a61f-466ff5151a60
da21c18e-652c-4a95-a98d-a24ee3711d96,2,31,80,713.46,588.21,2022-12-22,ee1986f8-a41b-4746-8863-dfd334840def
48b0520d-7a4a-44fc-b1b3-cb258b1a222b,8,165,168,217.43,419.63,2022-12-07,e15ccc5e-d1fd-4d28-9a28-f7097ffa324e
1e3fc410-862d-4b24-ade6-489306cea50f,1,8,35,765.32,869.6,2023-03-06,d05a9c45-01b4-4cd7-988c-8e64ac976ce2
2b6e3b25-095c-4809-a225-f0f11bdab9e1,2,142,191,169.79,750.14,2023-04-13,d8a15d85-1151-4aed-9081-ba2a035ac63c
48361deb-eff2-428b-a2ae-57ac86d7b4dd,1,95,116,906.35,779.95,2023-02-10,cddf027e-d4e7-4cf3-a1a5-23f7ad67d1b8
098cc473-8f3f-4ea3-b540-6fb19e845923,1,50,32,692.76,114.68,2023-01-03,6673c985-0c66-4cfc-b365-75e3c53bca0f
497a79ef-5f2f-489d-8ff7-b0217375cfd3,5,169,43,627.91,319.54,2023-02-13,16b07889-491e-4649-b771-ebd7377723c6
6ad90151-3276-4ca2-8c8f-685fe9447741,4,184,198,747.98,530.73,2023-01-25,868457e7-d8a2-4b23-95d6-387184fa39d5
5eaebc06-fde0-42f0-8fc4-8c71d5f9e636,8,78,81,170.44,349.76,2023-05-29,86429839-db25-49ee-bbbd-50371edb4670
6a315dde-29fb-4ade-8260-76fc8773feb1,6,42,21,388.84,973.06,2023-04-21,f8f74f1b-9bca-40d6-aeb5-6fdf3d093ba3
7cbe6027-443e-45c9-b82a-8d116de87e77,3,192,53,574.52,492.17,2023-05-20,fb0f1020-13f1-4482-9244-fd484d1f7553
de196957-f5ec-47b2-b471-b6abcbce896e,1,61,130,492.21,757.6,2022-12-22,eb88724f-cd8b-4abd-998a-09ae17b08620
84db74ae-aefa-4288-9c29-8ca00fb6e449,6,59,121,516.09,738.41,2023-04-26,79213009-2487-4732-9e18-471d8a1df57b
f2a66d9c-7679-425a-b313-656931decbef,5,135,68,349.39,844.86,2023-05-21,09b515b6-2829-4c0d-99a0-ef302ca40764
65abff10-ed6b-4d98-9fbb-04f99a86fb36,5,115,4,737.99,714.42,2023-03-17,62d74843-858b-4c28-ba8f-20ca89835ab4
3efa93b3-bc6d-4a2a-a1ea-60294fa0882c,1,194,77,128.81,929.76,2023-01-19,87a5fcac-5407-49e7-a174-9c7f028abf6d
f25e8821-db79-40ca-aef9-9449ae8338d6,7,162,77,702.05,681.0,2022-12-10,61f4a369-da62-4dda-a035-d4113dfae323
fa062305-43ab-437f-8d03-49ed0f86f3e9,8,110,21,613.78,353.75,2023-02-20,46dfa013-8e84-4fcc-821f-42c3c152f643
9103fcf1-007b-4a96-9477-c766d1c6b535,4,125,94,161.42,764.27,2022-12-01,d69e1698-7455-4cf3-8507-a3efca7a1125
a8cfb31a-5949-4f49-b4a9-b99d00668eb7,7,22,74,728.41,708.61,2022-12-06,f4d6e110-591c-4161-97a8-583f214e28cd
4aabd6a8-f415-48a6-8c12-c9cb9bb6a070,7,84,169,503.57,550.33,2022-12-02,0fd19282-75dc-43f3-bc92-0e1f868f8547
6ce33a41-875e-4c96-bf59-8addb91abab8,3,14,27,996.17,284.32,2023-03-07,3a3d0b4e-a493-428b-90a3-3574c627e320
8a6212d9-cf81-4516-97fe-f000ee9059bd,4,25,113,570.3,313.06,2023-04-07,790291a1-309b-486c-9e26-e793e70b48e3
de91aa7e-31f8-4a99-a93d-1a8f1c5fb44a,2,99,183,206.72,969.02,2023-03-02,bbdff430-404c-499f-b7f1-f4c321de320d
3764b8ca-5fd6-490d-906d-03fca59a7aef,3,1,172,962.2,63.91,2022-12-15,ce94726d-af68-48ee-9565-e4c37f373d80
959f3cec-5d2a-4956-b02b-862b4a49d75a,4,37,88,572.86,383.38,2022-12-01,6e74f2d7-8a51-4d12-bda1-3c2b3e0b5628
91c84287-620b-4272-b297-c62c30076c98,1,160,71,975.04,589.83,2023-02-06,62fa73b0-ea54-436f-bf70-2b34e0fef298
a9b5fdb8-7cf9-4364-b7bb-80251e295827,2,160,48,171.1,272.31,2023-04-15,b80d792a-0359-499b-a9fb-f306e2264a9a
8b926b24-b891-43f0-89e3-e50e7009687f,1,18,126,892.64,765.9,2023-02-28,d32f1edf-c8a1-4e60-855c-ff1fcfc17346
f3989baa-e12e-4750-9b5d-d2048566e663,3,173,187,663.77,490.57,2023-03-19,f2ba434b-b460-4c04-9229-3f52aa27e188
40c71a6d-cf3d-43db-b75a-65679f8e8415,8,67,164,985.27,59.23,2023-02-21,72de0cf0-c582-498a-b947-e1689d08924a
4e4c3458-6aec-4a30-bb1f-f9a0b71a947a,5,188,78,805.45,932.27,2023-05-30,a9b65b80-2550-4fad-a707-dec01a30ae42
985066d1-16bd-42aa-8aff-dd85e0e444d8,5,137,164,696.34,628.1,2023-04-25,da84c42e-895e-49d9-8e2e-76f34b7b1880
25843ef9-64f2-45e9-8fc4-2129e9bb71ad,2,113,62,644.79,235.66,2023-04-11,178484ce-9fb6-414b-a72f-52d4ca47cf83
1c9a8778-0f33-4599-a0cb-29abf546e7f2,8,34,94,906.65,764.21,2022-12-08,d5987f7b-53e5-47d9-9674-b9d05953427e
ebca846b-f744-4506-88b3-70b44ac68313,6,113,121,221.71,383.42,2023-01-17,8fa99cda-f58a-43ab-b961-e61c9c5693a9
9ded2560-8e5c-42cb-8f9f-8d12877f1afe,5,2,32,475.41,379.1,2023-05-05,f784f3a0-6799-4aef-9137-a705f530028c
5ff7ffa8-2abb-4f23-8226-0a8d2b3b1850,2,70,70,109.66,986.42,2023-02-25,5b2e51d5-f18a-4a84-83e4-9008c2128477
f7db20d6-ec52-4a5b-a52e-84630d538243,2,147,67,616.95,766.37,2023-03-25,10a79b41-ea5c-4457-b851-c2075b42a4cb
109d4bbc-682e-4deb-bf15-fafc8dd82b1e,7,103,120,459.74,931.31,2023-05-16,14c90628-e0df-4293-b6d6-2e52cbdf84e1
1e829867-258f-40ef-b8ea-0ba80af586b6,4,46,55,260.71,377.1,2023-04-03,d44d8ec4-8ff3-4f68-b044-a010dad53c83
d8d0c092-7d46-4a48-823e-1168538b4c1a,8,53,42,845.93,810.88,2023-04-07,683387b1-4c67-41a7-96bc-8d2e9be7b52f
df793466-9bad-4c12-b872-565dd26cb333,1,84,13,839.06,419.59,2022-12-29,78a01d40-e6bd-4faf-9c15-d18f81f6e03b
cefa61ad-62f0-46a3-a11c-a1991fde04fa,8,150,79,661.96,243.81,2023-03-10,79630570-f7e7-46c3-bbe3-69e23d6f8aa8
7d4cfa31-dea3-4896-98bc-9a65d5a6d899,1,184,88,757.37,667.1,2023-04-14,35f4298a-bd5a-45e0-b0a8-7cd9311b06d7
4cd2ac92-6c67-4f02-a00d-9fbd9a23ccd7,2,173,144,762.8,533.02,2022-12-31,8bf37967-c992-496a-bd73-bc7e37189db3
5646ec47-906c-4a35-9d65-81159dc97430,7,142,151,462.58,700.31,2023-04-16,7788ac99-fbdb-43ad-bab8-c7736d8fa020
ebcbcfbf-a895-45b0-8738-9e5b038bfbf9,6,18,48,263.29,120.43,2023-02-18,38657aa5-2f9e-425b-8819-be14d4ba3d5a
fc6dca1f-e949-4242-abbc-e12eb9786104,8,37,45,834.07,372.06,2023-02-19,f1a79864-8ad8-4c4b-a9cf-2609be9aa17e
d2de61d9-bc88-408e-b4c2-a3a94ea2a2f5,7,60,30,553.93,612.89,2022-12-14,081320a9-108a-4d60-904a-998b3badf5db
c99ced91-b98a-439b-b43e-ac952df9337a,8,53,161,797.28,695.76,2023-01-03,1027846f-2923-45eb-ba55-6de81698e0ba
942c0b34-cc1d-4521-993b-92b5572bd537,1,38,73,553.55,833.71,2023-03-19,ddec1cf6-7324-4d8a-9fd4-756607eff1fe
4b7f440e-7055-4556-aa6a-3e8c7e949294,3,58,55,270.6,654.19,2023-04-24,22f950ff-02d7-4856-a686-77a32f25d053
60293ccd-3e54-4aff-b94d-b323a2db9129,5,61,36,306.47,743.46,2022-12-22,350ca102-c570-4595-92f7-da5ae2da84c9
2e82daf8-d93a-4360-96bd-536fa96ee809,1,63,119,758.39,98.81,2023-05-01,4c4df439-71ac-4270-9c54-8b5d678e79c3
b5c9e626-f4a1-4a48-b773-5efbeafe5f2f,5,90,123,733.38,792.41,2023-04-22,6003aa81-a9d7-4bba-9cbf-77b30c62f907
89d931da-9304-4724-8e39-0b70e7a5be42,4,130,185,804.36,974.3,2022-12-29,f81b1a11-1014-42fc-9c78-ec6ce175a0f9
1b2832e5-a5ce-405e-aecf-1faa72b4c44b,2,182,63,869.13,994.98,2023-03-29,3a648a82-791c-4606-8768-0ac240358144
cb24c41d-d13b-4dcd-8a24-bffe4ca0ffba,5,34,193,979.93,782.69,2023-02-11,631782dd-b149-496e-8d6b-3846a4c19f7a
2e8af86d-ea6b-4ff5-91e6-b901f55ba49f,8,147,46,679.22,104.68,2023-05-16,c3e1deb7-2fd9-4e98-9034-3902a89bf995
d82c7cc8-beb9-4df9-afae-e848bbb3f284,6,130,7,404.23,856.78,2023-02-16,789a3c93-0c2c-4c24-a1a1-0871b3885ab4
7b8e025e-19cc-42c7-b64b-593fc3b001e7,4,91,79,129.44,317.86,2022-12-17,11190fce-f630-4be6-94e3-3d13b17f24db
96b6d932-8ecd-4d8e-9a3c-844f86a97cd2,7,7,82,118.25,492.46,2023-01-03,d4aa2abe-f3d4-4fbd-b484-80b84eb899b3
b805f972-0817-4337-a1ad-ac929140278d,2,181,190,217.27,904.76,2022-12-29,9b1e8069-c66e-4e88-bf0f-3dc187c69d85
111bca82-2a28-49f6-9d84-02b6c25d9805,3,185,52,403.44,920.41,2023-03-04,ec0765a3-5f0b-41f2-811a-fa091215b835
c3241a13-21c0-4f48-b4c8-c0c57fcb3c11,5,96,111,701.26,711.17,2023-05-11,c18ab563-092a-43a7-9a48-b9e221808976
d6d8842e-64b2-4752-a6ad-5c1697feb27d,1,195,123,181.12,956.42,2023-01-16,1676d4d8-7cfb-4b6f-a393-9d7bb57daf97
84ea2d3b-5aec-4a67-b8d8-08b73d3fcea8,1,4,167,676.15,867.65,2023-01-04,584ebe8a-7606-4aa9-863a-07fe78defb6b
1365fca2-2737-4e3f-8110-47e6c5ed1c6d,5,113,173,793.75,517.1,2023-02-13,3c2c102c-6e0d-49bc-8f4f-71f4b59b3201
4e6515ac-1a74-43a0-8bf4-04031a8e5e0e,8,156,141,773.81,62.76,2023-05-10,92049791-1274-4838-91df-b5c40b9aa021
29678630-0e82-4673-bd68-16f75f67d4b0,5,131,128,795.19,249.14,2023-04-18,624fbf61-28a0-4a28-98a3-72128addc7c3
5177bb4f-9fce-404e-987c-ad08bfb1d60d,4,8,99,249.52,416.56,2022-12-29,68514403-88a6-464c-b17a-99b855dacde3
d77bbea4-0524-4ed2-ab67-70b4d2aafd05,1,64,30,231.95,138.99,2023-04-12,ad4954ad-bb56-4e0a-bbf8-efac4731b6e0
c81844ef-265d-4b98-8cb3-84ade0679574,1,153,127,692.88,159.8,2023-05-16,2ee53b2f-2ad3-4219-93bd-fcdfdec3ca1b
2472fe2d-1d4d-4f00-a2e4-c94d94a4bc9a,6,33,122,113.7,554.01,2023-01-18,5f82d8f2-2f22-44c5-b6d6-76387200cae9
9ca43b85-59ac-49db-90ea-803062f2b7d2,7,187,61,768.33,727.36,2023-03-28,e271ca84-e9b3-49ef-a641-b8923768ecd9
278e906c-0772-4c23-8cf5-439914ae0e22,1,192,37,759.76,104.42,2023-02-23,379d1c4d-bf7a-43df-9732-9668ed02bd62
54a58663-b6ee-409c-bdba-ca5684f57cde,3,194,86,976.93,738.27,2023-03-27,8ed3711a-a8bf-49dd-a8f7-3b8bcd9701f4
9a9c34b2-3ebb-4a85-9512-414d76c1ce4c,7,36,169,459.25,867.35,2023-02-08,0691f5d0-dbc6-4d00-a8df-374d4420e766
f67456d2-c87f-46d8-835b-d4397ddf7ead,6,60,58,981.72,897.33,2023-04-03,7f09a659-daa9-4465-897f-f63fdaf18f7f
421ac8f0-a9bb-43fe-b129-59f7a8461060,7,140,16,391.82,236.06,2023-04-13,32b7ce77-e069-41fc-95c3-f185270c01f8
1a662979-882d-45ad-adf2-9b902b3f8228,5,59,99,674.15,305.25,2023-02-08,51811c83-7bde-4dfd-93a3-b9a6f5d98a29
a82d4b85-460c-4402-b100-fda31f9243b6,6,122,156,329.7,271.48,2023-04-09,f3694df7-77ee-46c5-852c-ce34c4463fc7
b31de999-2900-4f23-9307-b56acc33739d,2,57,102,831.61,721.72,2023-01-25,3bad103e-4f95-4a32-97d4-c122d651bd1c
7069c70e-e207-41d2-8be0-f7d327901d6f,2,4,100,428.02,242.87,2023-05-19,f58e3178-d207-4b74-b8ef-7bc1081bdc41
24a18c3b-c5c8-4812-b7e7-c9291d23db32,6,2,91,243.07,849.01,2023-03-20,99225838-d4f6-4f24-9722-cb453d42a1aa
edc3aab4-555e-411a-827b-d7917930f7d4,8,89,63,433.06,352.08,2023-05-26,47ed18a8-5829-4e1f-8fcb-bc23f764a592
ce251e28-43ad-44b7-969a-96b29dfaf147,5,34,118,846.29,107.14,2023-03-10,33f03f24-79a0-4540-9f84-09d8db2c8239
648eb1e6-4ffb-4a1c-93aa-2c6600a25520,6,137,147,209.62,472.44,2023-02-04,aba6e92b-76ca-47b6-a232-a8a3cb0eee48
e2a237e4-5329-44e6-b158-5c2366b7251c,5,106,178,734.67,674.49,2023-03-11,2d2b6fc4-6338-4c90-ba05-7248b7a4f496
a46de242-b79b-4d75-845c-886d4679b3e0,3,142,131,430.34,67.67,2023-04-19,a379468f-71ae-49a2-84de-ba747fe07261
079479dc-783e-41d4-ba6e-0564433697f8,7,45,199,376.74,648.41,2023-01-20,1f523d1c-b93d-4283-b0a1-1690d96d7b5e
d55e5553-1fc5-4ec9-a01c-4de54c3f24eb,4,13,168,866.65,591.24,2023-05-29,21c65852-1e2e-4f40-aca5-b41120ec007f
027e98b8-33c6-46d7-b998-cdfda865079d,1,110,114,285.53,83.27,2023-02-16,3a5a7c33-08e0-4c3d-b967-9df293f7d0d0
8881aac9-6f3f-4fa9-bacc-8331109b3164,4,178,10,364.88,668.66,2023-01-22,cf57ca1f-a7fc-4f80-87e5-56b22f65bcd1
ac78be28-69e6-42c0-bbed-b0e62d0552f5,3,100,83,132.06,459.81,2023-02-10,b37c53d9-8123-4fa1-ad56-126fd0afddf3
37adbeac-bddc-4ad0-b395-cc9935777e16,1,24,168,637.09,444.38,2023-03-26,5ef276dc-c1f0-445d-b6a0-a8f0597d5810
19dc08e6-2950-483e-be60-d56dbd0089d1,5,44,22,306.67,428.67,2022-12-16,6bb23c6c-6dd9-42ea-8a88-718505278e1a
4b322d3e-5d87-46a3-afe3-acda03c90c95,2,36,22,186.66,570.07,2023-04-03,e07ed555-493d-4260-9b36-ac51a83a416d
2accea7f-59f0-499a-9a82-2f294138f72f,3,186,68,245.31,661.23,2023-04-07,8684e0ef-86e3-4435-9182-551e5b0d38ac
5f5e47ca-bb31-4434-a486-e61bb947fe4c,8,122,182,503.71,156.42,2023-01-05,e3bb8e9c-40b9-43e7-819c-214cd14548f2
d249c553-aa80-4284-8498-f100b4ab967a,1,198,105,455.54,297.31,2023-03-13,af1cc8a6-65a4-4f31-8f97-56e9a1d5c594
7d673674-7a2d-40a4-ad52-62ea97dde1dd,7,183,75,396.45,928.02,2023-05-27,27a15778-a84d-4c08-a8ba-60e2b44b7098
961b2b86-21c4-4f90-bff3-9a5638b98b19,1,89,12,466.82,977.34,2023-04-03,5204208a-291f-42cf-a840-8a927d016be0
69e47f2b-dd78-48ac-9cc7-97bb6c7c6e1b,3,195,58,586.58,368.92,2023-02-24,431b18d9-bade-4ca1-8c93-2cf211e22343
4c0fc5be-5408-40aa-ac03-d860e0c06922,8,108,183,475.78,102.25,2023-03-25,505cf551-580e-4b66-9908-94502117565f
5f03f3be-95ca-42a1-ab65-8ff04c3828ae,4,19,194,800.69,530.96,2023-02-11,1566327a-9bc6-4375-81a2-d16ca21deaf2
41fb981e-70ec-464c-a3dd-9d7861ed35d0,6,145,126,412.53,688.4,2023-05-22,9630ec23-52ce-47e3-9f9c-9bb9197a4389
be25eae0-8511-438d-a4e9-52b982441f02,7,157,72,519.17,365.4,2023-01-22,b6f39500-a18c-4617-9abe-05edab742c97
712f236c-4a58-4bf5-98be-21c32a296567,5,118,174,553.21,410.76,2023-04-24,21e08b10-8f78-494c-8889-39ae237fd647
b7109a46-768c-4888-8224-eaf869555698,1,48,60,213.64,353.57,2022-12-06,56103bf1-d414-41e0-9672-f758cf130cdb
2d518832-c065-4482-9946-0ec5ce8d16f9,6,187,158,406.43,324.5,2023-05-09,475fa0da-d997-4a28-9372-bc993231cbd3
b9f490f9-015d-4362-8771-9647f298bf73,4,183,34,811.83,955.28,2023-03-03,dd7603db-7ad6-49ce-a53d-ffe33bce0293
2e1a6755-760e-4577-81da-bf32679b17b9,2,51,188,317.33,996.29,2022-12-08,504007da-636f-4307-b984-b7caa039de03
29a978c0-378c-4d8c-8d62-020f03507c17,5,8,108,991.96,867.59,2023-05-26,e54fc939-0f64-4157-9ea7-3f4201b50ccb
6599e357-08e3-43e8-8e8b-70c6407935e4,4,94,150,258.03,217.98,2023-04-27,e3998080-524c-4a2e-aad5-c13965a0cf24
b4a76771-d5fa-48c0-b77d-2f85d139d8e3,8,36,36,698.93,112.16,2023-05-21,7915cc1e-75a1-45b6-8c03-5daf6d1bf7a7
5f3f8bbd-5aef-4b38-915b-9345447d36b2,4,198,66,152.02,267.08,2023-05-14,3bc6a611-8558-4c16-9dda-b687110f61ed
c22ae97e-23eb-4aee-83c0-2e10cc2a6e34,7,77,41,298.32,464.71,2023-02-18,55f8e43d-19fa-4dd8-a565-8309a7e6b42e
d11f640a-5d28-48bf-b127-8d6ae4c8dd48,1,200,51,316.52,652.02,2023-01-25,15443648-8531-42d7-ab70-c2c3482a971f
69180249-8159-407b-bad9-b61e868492ba,7,28,183,972.38,502.79,2023-03-03,cff5a7cf-2166-4517-a4c2-01049c814e28
3c889805-dbfe-4f13-90e5-9bdaabaff7a7,4,158,141,937.43,729.01,2023-03-18,d019fe68-b69a-4c5c-bce7-b2b8efd6e7f4
56071bdb-73c9-4b0d-b880-53ff2df2b529,7,128,57,897.84,342.32,2022-12-16,c86867d8-0800-436a-9868-be6ab7f2d916
d04c66ed-60f5-461c-9b6b-52969408962f,3,71,187,788.69,510.07,2023-04-15,41d74b8b-613d-4146-8eaf-500119baafaf
7f7b85ff-3841-48c4-b03e-f28e7f711f2d,7,69,23,649.06,740.55,2023-04-18,6a43d9a6-a89f-435b-b8fb-dbc8e25a0ab5
301c61bf-406f-44fe-98d2-6f1d6d107c50,4,22,57,585.05,236.04,2023-02-26,b343358b-bf9d-4f0a-9609-c34e3426d512
1f08ce91-f24c-47da-84e5-7b93a619634c,2,19,3,605.89,499.2,2023-02-03,1cc8b73d-7728-4ae7-98ea-e2f4464b3fbc
11b3cfa0-b568-4328-9fd6-853a36e7e8d0,4,29,42,714.52,909.05,2023-05-25,017239c9-7f4c-4671-840f-c8d538c49088
bea5c918-823c-4a9a-9dd8-431ab6549735,8,13,83,945.37,984.6,2022-12-07,9b1f7eea-678b-4744-b074-6edf008bab1e
22007478-6866-4d1f-ac00-aa66ad907251,3,188,189,675.2,71.08,2023-03-22,20d3f3e2-8992-4f30-8a81-5cc1688639c3
7a6163e7-8f79-438a-90f2-9af72e60a6aa,5,182,87,707.51,771.7,2023-03-08,3685d0bd-fc9e-4edb-93a0-4c2753021023
40e19408-6611-4a06-8185-04d27da48b35,7,48,154,288.41,111.33,2023-01-23,0fa58325-06aa-47dc-b63d-0f08d87bd841
693d4ab1-44dc-4d55-8907-39887e036544,1,41,164,252.03,250.24,2022-12-20,2ed66a87-e374-4cf9-bbdc-23fe76840536
979d4806-c4ca-4145-a7ae-7de0c4214cb4,3,30,135,151.97,251.77,2023-01-18,1fbd81fb-f649-4870-a2fa-dbede0dcb5bb
8c0a373a-b081-49a7-9bbf-c01187040d00,2,82,41,571.75,761.31,2023-05-02,0c013436-86fa-4566-b57e-c22b07122dbd
9d92fcd6-1760-4bde-825e-c85e76565b44,3,144,98,649.65,131.63,2023-03-07,6d70ec1f-8628-4fd9-b422-87e4154d6da7
18abbc7d-3610-447f-94c8-04e8c0c0dd59,8,160,156,264.93,647.59,2023-04-09,f11595a3-c5c0-4002-8ada-57d022acbece
3a061da1-7ae8-4412-819a-480ab94e6195,1,168,122,288.0,876.79,2023-04-22,2bb6ce9c-5483-44bf-a109-6a6f0a6f1871
450058f6-5eb3-4a8d-9a64-f731a4c7beba,5,111,137,656.76,189.33,2023-01-19,da2e0ecb-94c8-454c-89ae-dbaeb0784324
3661bfc5-a721-45e5-bc36-0c67c28e705e,4,163,1,533.53,185.75,2022-12-03,acc6a70d-ca7b-4ab1-94b6-e915c3df8ac6
6c14bcfb-a33d-4ce0-911c-f0ebe05b8f89,6,3,177,285.5,886.77,2023-03-18,9a8c4b77-f3de-4c6f-b2f1-4765b86683e2
b0e06e8d-7fd8-4487-b7f8-daf124eab9e5,6,87,88,509.49,658.64,2023-05-23,89b00bb9-2bae-42df-b7b1-c3f743f3aeb9
c2bfe0d6-a815-4639-a9a8-31968e5d2bbc,8,115,148,805.75,53.98,2023-03-04,8aea5b65-dba7-4b31-8bdf-1d70560971da
8e261c2f-3afb-4226-9997-c11bd03e1911,1,3,36,567.21,322.85,2022-12-18,b14c3222-e39d-405a-80be-3b33e3bfe287
49a64ebe-9460-4c74-b483-dc302cf59acb,1,172,129,427.32,171.11,2023-05-06,5ffc5260-7547-4b4e-bbde-89af93be8852
1ed1c3b5-f4fa-4c25-96ac-3f91acd46657,8,132,96,492.76,902.0,2023-03-22,94c4a6e0-5b1d-4623-9d20-8325c34a2e9e
616069d5-a7e7-4216-bfb5-3ae2aa79052d,6,172,149,124.03,198.77,2022-12-29,af418026-78eb-4cd7-91e3-e363dbc012db
414ee7b1-9961-4a47-af76-22c1f003cbb8,7,135,189,576.0,516.37,2023-04-26,ace8635e-75ca-4977-9ef5-463acbe7061a
1a9ea488-9a4c-447a-96cb-b5ce8593bb9c,5,3,94,333.82,782.26,2023-03-24,ecf35a28-e6e9-4ef2-a65d-1125c1238448
b13cde7b-1539-45e7-9652-68b973a0ca35,5,32,114,229.63,911.0,2023-04-16,e57f5f22-f513-40b9-9ec7-53aecb341769
c4805a08-57f7-4d12-b32a-c464fd32ef56,7,94,192,721.48,942.92,2023-01-13,c1127df4-49b7-4a91-850f-ffef694fa19f
5cbdf49f-3d97-4e26-9741-5f059e8982eb,3,200,84,906.23,251.67,2022-12-07,4c992660-c2e1-42b7-8236-466515d09ccc
69b5946f-eca6-4fed-8194-d43159aa8286,8,62,146,721.21,319.79,2023-02-17,6a858c6d-65e7-464c-b4e9-51fc035dc999
20072a5f-94d9-4b62-85a6-aeccd4f0cab2,6,105,91,911.2,925.89,2022-12-24,7b9bd3f5-df90-48d8-a256-cae26d6b1119
61fd328a-9948-449e-8056-04b5ce9253f5,8,182,16,929.93,236.65,2023-03-12,b7236e8d-618b-4898-9239-25b29952b284
5ee3fccf-2838-42d3-9864-41bbc6a465dc,5,45,97,631.26,490.88,2023-01-11,25737698-d217-423f-92a0-f12b18119f56
9b8745b4-cba6-4e29-93fa-921bba018169,5,155,115,136.41,870.21,2023-01-22,9cfebe9e-f2c6-4db4-b68b-96f158d179b4
cce5d8fc-16b2-4c1e-abfa-2da680a219f1,8,1,146,305.69,449.2,2023-01-05,e94850a5-920b-49f6-be94-3340b119f466
e1806fff-0492-450e-ba39-4acf5c68c27e,2,144,27,323.53,107.99,2023-02-14,9bca0ae5-a954-4d6e-9bb3-574df7ec8fa4
7e8671f3-57b0-45cc-a9ca-4d797026d190,3,191,159,680.77,437.04,2023-02-21,c6f3552e-aea0-4d71-8d9a-0b2ad2a832ee
58cbb9c9-44ff-45c1-a174-820ffefe9362,5,11,115,437.61,377.5,2023-03-26,e25c7dc0-c419-4eba-bf2b-5c49eaa0cffd
7192d595-009f-4387-94bf-087dc8bf25f3,4,169,61,966.33,512.53,2023-04-10,daa4d117-fcfc-4c05-8119-2e7c7e54bf85
093b2acb-cb70-4c4e-8be4-2522f51405a4,1,31,17,661.5,297.1,2023-02-24,1b8b313d-5dfe-459d-bfcf-7a4d063abbd0
4a23a5ea-4b20-49e8-852b-7950d7039387,5,58,163,630.34,375.0,2023-01-16,f0825b18-c21d-4db5-8f7d-611bbb05b1ba
ca373ff9-bb87-494e-a5a6-f75e43540a92,6,110,105,432.78,115.05,2023-02-02,691ea967-a5ea-49e4-b6af-e434e2fdc1b6
16e50c62-e580-4162-89cf-3b5607735653,2,142,71,659.02,459.77,2022-12-12,caaa1ac2-ec42-4816-bc21-eeda48f8fdc7
5ac79338-5d15-4db9-a572-62b2491e75bd,5,103,82,401.43,431.56,2023-05-01,61a122ba-23c8-446e-87c6-f1ca600a91b0
31fb2f65-75c4-417a-b17a-b03b422401f2,1,37,1,807.03,533.93,2023-01-21,9358e470-2199-49e9-88ed-9c8e5280605b
606cd4ea-c967-473a-a48c-3f77e68505ef,6,70,130,793.17,832.22,2023-01-13,ec83523f-d60b-4131-ab51-4b85d7429b43
88841854-b656-4914-a019-fa741bb30800,7,21,57,614.72,119.22,2023-01-11,39f36d82-8f51-42bd-b8ee-b8c79dafc289
35cc01b3-0a37-4c56-94a1-624bd83f453b,6,91,177,784.32,241.4,2023-01-12,c1dc0317-39a6-4424-9300-81eb8bbaa6bc
0a50d9c1-9995-4418-8d77-784bbd7f6245,6,17,19,805.77,786.01,2022-12-07,03e566d2-a77d-4b0f-b5d5-fcc6490b5f1a
d99ecc9c-40a1-4312-adc2-4feb00904429,1,1,152,571.87,739.14,2023-03-29,b938fa3d-fa8c-4268-abbb-bbe9b65b0f6d
53439c77-7e5c-4fa9-9a22-80ed93886e9f,4,110,157,622.23,961.43,2023-01-06,1592f21f-2c2a-4200-a12b-2292450052a2
087ddcb6-224d-4f57-9c34-cd4b51934405,6,100,127,354.49,251.4,2023-05-05,74aae4a7-b869-4768-8db4-817a16b35bda
3451f841-dd14-41b1-8e0b-c35bd707860d,5,179,78,734.73,463.11,2023-05-30,b8c2fe8f-bec1-49af-8048-4103e5c5457d
2562513a-2225-4b0d-8a39-c76e92416712,6,126,18,102.45,885.03,2022-12-02,c81da115-eb0d-4add-a057-7e2e013e35d6
0a3653ee-d461-4325-8e6b-eebaec3c0f6d,1,133,22,930.79,130.03,2023-05-13,e2b95a5e-3bf0-4519-aac9-2299c8c925c7
3d1f5199-b0ef-49bf-bb4e-8a5ee7ebb8d4,7,172,24,783.48,663.97,2023-04-19,eb7e0bdc-8096-48af-9ab6-d5c50643d119
82e84fe5-f3df-4997-8298-872cb740685c,6,5,85,717.64,201.74,2023-02-18,b6812b84-a6a4-4e82-808a-373ba6e38573
cd66afd2-ce54-4a23-b9e3-3cec5eba0ee4,4,141,101,806.67,152.3,2023-04-20,25a5cbfa-f39c-4433-a34e-a3fbbd5df596
8984649f-b7eb-4598-bf2c-ff50f43f7db6,6,91,68,251.81,335.36,2023-02-09,3c1f958e-1ef2-48cc-8d70-7174486250f1
74a36d2f-8ad9-41e3-9072-2bac69c533fd,8,76,128,403.38,363.72,2023-01-16,44d3c797-d439-4bc8-bd25-e084a0bfe6bd
b46881b6-3128-4d27-8fd3-cb315014cde7,7,51,132,450.91,448.89,2022-12-21,b95772cd-58c9-4e6d-8e4f-6945acac84a1
e0cf3dfa-16ae-45f9-9d23-feb211ff89c1,2,45,95,117.38,816.85,2023-04-30,90bc8bd9-8a9e-443c-9e23-b6edb6e3b3fd
7da5c38e-b504-4785-9b46-bc6f6171ea05,8,138,18,742.44,112.36,2023-04-18,73bb29e4-be37-43fa-b6e0-054a1f9d8b10
bb1c7816-d643-4d39-b45c-66fbd35b55e1,6,125,99,888.28,69.71,2023-04-08,eb9b158a-5052-460f-8391-52084c5ebe7b
5ce25d5f-7669-4b16-851e-8a44ec26e3d7,2,38,155,476.1,776.27,2023-03-25,86ce69d7-4434-4bdc-8d20-b1b2ddbfd5de
ea1c49b9-8416-4e32-a334-c02f95233cc9,5,121,130,473.02,450.0,2022-12-05,0206e562-5270-4fd2-b823-b8c0e4d8458a
99a1b504-f607-4f45-ae16-e3be853aeb3d,5,40,170,918.49,938.29,2023-05-19,5f8d46d3-b24d-48bd-9159-3b91e80135a1
a5ad476f-142a-4d1d-8e27-ecfb7428a82d,1,85,15,550.35,598.9,2023-03-24,8b88c9e3-cecf-465b-9ac9-5030d83e13c4
f4b904ec-0c7c-403a-b161-e7d1ae4e79f4,1,2,114,442.41,329.66,2023-03-31,f6625bc1-6f19-4625-bed2-0dd8e00e9b6d
7765b128-7935-47b1-b233-7f3d56d9008b,7,178,55,517.33,221.52,2023-01-31,55d646ec-db4b-4051-aafa-1eaa86df47a9
99de2583-e812-4608-8195-ceb432b4bd8a,1,92,120,861.87,335.82,2023-02-15,88b89a7d-3b1e-4f02-a173-e64a21847a21
5d7d894e-4b0f-4853-af77-e961a5ccc5ed,7,128,118,721.12,53.52,2022-12-04,848cf060-187e-453b-83f6-0ec11335f706
ac46fdd6-ed94-49ba-a338-b7a4b84187a1,2,19,71,195.72,399.08,2023-03-01,8958ec40-7082-4b7f-808b-d4bec38951d7
b2c1567a-792e-488f-b05e-94889447b521,5,195,168,249.29,514.54,2022-12-08,2541d3e6-c01c-47b4-9c74-8e88d43f88d9
2a62417b-7c2d-4cfe-a134-2ebe2ee999f6,5,143,101,831.39,846.53,2023-04-05,e7f201b0-66c8-45b4-bb1e-4d6588aa44a9
a618ecf7-8fe9-42d9-a289-bf187400b566,3,136,145,107.32,929.92,2023-01-21,2b81dfed-4669-485a-a510-863a495f2edd
c43e4651-f2b1-4ff6-a39e-c770545888cc,4,95,144,257.65,624.58,2023-03-30,aaa4a552-42f6-4371-b38c-5585ea419c8e
486b7231-e743-4de0-b92a-c82009755ebc,6,130,140,658.5,532.93,2023-01-03,adf3ad47-2bf2-4fd1-9764-72a4a9403b4b
92a4514a-66b8-45c2-a913-5e34a8c124b8,1,160,49,989.07,345.72,2023-02-04,33262c7c-03be-4cd7-ae04-7f2fa99e3fdc
d26a43d8-483b-4484-a329-7be96ac073a5,7,60,80,902.01,778.5,2023-03-11,80c8d96a-250f-43f3-8904-6f728c4e9160
48622642-5a86-4e82-a4b9-c6e0cab36bcb,4,108,168,749.55,436.41,2023-03-31,27aaef19-dadd-474c-a79c-7bea42e964cd
e6afaca7-bbb9-42bb-8109-abff4989a1d1,1,91,119,871.11,78.68,2023-03-08,d604f3f0-cfb6-4397-9119-699a68cd6741
4ab32e6a-c215-4116-a0f8-8f757c81d509,6,87,80,237.19,898.18,2022-12-07,70a05504-8247-40ad-af58-37199248ca24
5f5a3764-606f-4e36-9ed1-488c4ee66ee6,6,89,76,997.85,128.8,2023-03-30,56284132-dbbc-40bd-9aa2-cfda0d6051bc
444cf2b9-ac38-4d24-8519-3d596a8e66b5,7,33,6,521.97,345.23,2023-02-12,ca664c39-9044-4574-9fa6-54e4873f1770
12ebaf37-cd31-4ed1-afec-f10b50b0a827,8,50,148,404.78,863.5,2023-05-29,0c78ae48-7ae1-47af-b7f5-b3a35600e32c
ac31c65e-214d-407c-a167-ea13d32df00a,4,5,52,375.02,111.69,2023-02-19,3506a4c3-a621-4bd6-a335-d06dc59dd780
c0178afd-ca1f-4ca8-8948-66395ff35ca4,1,81,49,524.84,755.31,2023-02-23,92bd620c-ede1-4157-b943-61d76c571f69
bda80972-3ad7-4d05-a3b0-a039dd6a6483,6,14,63,482.39,348.47,2023-01-08,e6a75dfd-f18f-43cc-b872-73a7d77ad976
20b4dc75-70c1-483f-9356-ca0b67100ac6,5,71,168,140.65,582.24,2023-03-26,c1fc62ae-cdc7-467f-a4a4-4d1f569ff29a
122a57cb-3f2b-4b9d-9cd7-c9f3289153a5,8,109,157,465.99,419.39,2023-03-27,7202f49a-9b40-4722-8132-6b348a07b787
051b3d10-5bd5-47f0-a30b-fa6e09c0e721,3,140,165,607.03,88.54,2023-04-24,4b87259b-643e-4164-9680-21bd54ee740e
e5b081a1-5df0-46e4-b3d1-fcb91b12feab,7,96,77,590.7,554.48,2023-04-09,a849b6a9-ed0d-41a6-89e1-5d1e35ed85e6
aa9aa38a-a1e3-410c-86a1-92905e514291,2,179,96,943.79,102.11,2023-04-07,ce424293-e2fd-444b-805c-43720b27ae43
ecc67371-be2f-4c11-a2be-648b1db20450,4,133,125,873.43,359.36,2022-12-26,df55cbb6-5725-433e-8c28-ccb53687e9aa
73bf416f-3a3c-40d6-bcb2-60bed0d138e3,5,159,7,651.78,676.01,2023-04-30,60afd250-f950-475f-ae38-cf5b049ec214
2e324325-24e6-4111-b97a-754e824c9eae,6,43,172,735.98,222.93,2022-12-30,263994cc-a2b9-4ad2-b5f2-e5f857d8d973
391dce42-db39-404c-903c-c27889eb3f01,4,198,46,455.3,580.42,2023-05-06,e2d35ad0-1e83-4b6e-ab9d-44ca07c624cb
7d03794b-22fe-4c49-adf9-3141926b700a,7,5,80,525.46,277.08,2022-12-02,1c06c71e-29b2-4bb7-aae7-342bbb1d09f9
f8a920ba-4d88-49ea-993c-4f28d8d9d899,6,34,155,334.78,409.41,2023-01-29,e1924fc5-c888-4fae-a72a-8bb1ccbd9a6c
89c23d8a-028c-424a-80df-f6db8b8adb23,7,33,195,526.49,162.12,2023-02-12,6f08d9df-b2a7-462c-b7f3-58c14a60747a
863f95df-7045-46f1-8e18-46b13d1119d0,7,81,188,634.37,240.06,2023-03-23,bb5cfb15-70f7-42ce-b9fa-c1ea8d302371
693523e1-82fb-43e5-bb61-62670b44fb82,1,31,93,119.8,52.01,2023-05-23,22aba378-7a2a-43a5-b6d1-5bc1098b8ecf
058e7a6e-61bd-4464-9692-070a4ecf3cae,4,166,147,640.71,219.33,2023-03-23,2efcb374-3e2d-4cd8-b587-4ece14780c3f
004ce670-d87f-41b3-a16e-9067aa725d22,8,132,85,425.69,843.8,2023-01-15,7f8f90ad-1a42-4921-8284-bb75a10a05ca
223cba92-19e9-4df7-bb4e-d0276e2b15c2,5,107,192,202.91,267.4,2023-01-24,7b266754-37dc-4496-b30c-926117b15cac
5503aa24-7ec7-415b-b381-b46da8bc6a40,5,68,92,229.45,480.98,2023-03-16,f770a5ad-2171-4f56-ad10-5d32773e27a5
5dd4cbf3-541c-4d2c-8761-b87f286c031c,7,14,170,152.6,223.36,2023-05-13,a42ff59f-e17c-4f75-bfd5-d7926a23bb5f
74588a08-5524-4b40-ac1b-330f4c5c453d,4,69,158,892.45,522.69,2023-05-07,78df0c92-f450-41a7-966e-7d8c9ceddbfb
f174c6be-2a3a-4dbb-aef9-7a02fefd9f2f,4,46,178,336.4,598.71,2023-05-09,f9402bd5-6d92-4afa-99ab-f6184447f544
6972f71a-e536-4913-b8da-65bd578d1b99,6,150,171,119.16,875.78,2023-04-22,98a54c32-5818-46ec-99bb-b7b2ccf1e808
b48f4ca4-971e-4a1d-aa92-543cf4fadaaf,4,101,185,346.45,997.89,2023-03-18,40678926-0683-42f0-965c-2d37264eb298
75aaba05-7946-4355-a416-933884288882,3,156,35,772.54,913.72,2023-01-18,0aba3ba2-4d4e-409c-9976-b43a128d3995
dc9ce996-36eb-489f-9edd-162cba7a9e9b,4,93,9,303.48,530.46,2023-04-24,371e9e83-c4de-47b2-b171-b3f89b3859d4
1cce988d-bd61-4a44-a2e0-5b6e278710cc,8,108,170,507.78,201.57,2023-02-04,17afecaf-f023-45f9-b107-fd5cabbae487
f7423eba-b631-4f8c-ab39-a3d6bd8f60e6,6,122,143,178.41,174.97,2023-02-12,d08aa686-4626-423b-8f5e-0798bf5e5d5a
40d646c9-b8ba-4ec5-99ff-b9b02dac3411,5,162,141,958.19,399.34,2023-03-27,f5ca6cab-7b4b-40e9-88fd-a6da3d16660f
8e73342f-2bc3-48c1-8219-ffe88d418fb8,7,36,10,380.16,647.14,2022-12-26,785b3480-a28d-4983-804e-1fcce755fdc1
fcec567f-77ae-4e9e-bfcc-d2c70859b4a8,1,14,87,435.45,580.35,2023-01-15,91f6e3d8-eff9-4897-9038-60a060e7bcc6
d8787773-eac0-413e-a932-a0bdae933b75,4,92,93,737.97,663.97,2022-12-03,65c729dc-fe27-44b1-a630-916c7c71cc6f
a86dc7f0-da22-459a-87b4-0502b1905dee,7,175,188,469.72,524.95,2023-01-11,3ebb7b31-cf4c-4e7c-b97b-ace0ca722f29
6dcde396-fd38-4beb-b6da-ae8ffdfeba8c,4,144,40,645.79,66.08,2023-03-11,bfdd622f-e3b6-4e16-b82a-e4244787546b
b029246c-4329-45dd-bd0f-401063e95bee,2,90,106,323.45,466.36,2023-04-01,111df923-e7ab-4d66-8432-84fea7ab4557
fbcc0731-2343-4add-8954-a813bd0dee81,2,136,51,790.76,679.95,2023-05-25,54c56e1c-cff2-4ad8-a684-dca02753f591
a5896a82-6a7b-4a31-a64d-5857a3855ad4,8,119,7,895.48,240.89,2023-03-16,56b503f3-b9c8-494d-8ab4-95493748e3f4
1edcc7d8-7df9-4012-960d-f2ac47f478aa,6,93,49,496.5,939.52,2023-02-22,dd39103d-9b07-49a8-8a12-908da57a8e2a
a63a7652-9170-4baa-8b48-1157afffd8d1,8,102,163,582.13,111.21,2023-01-22,b15ca606-8bc3-4eca-8e19-9ccba15cc9aa
abaf3417-ff23-4fdb-9a59-8976ae810bc1,3,10,114,924.99,301.89,2023-04-29,822deb3b-401b-4c9f-b6c3-62681056e902
5a88870c-c88e-4bcd-aa3b-021c5d8fec19,2,58,43,181.62,376.15,2022-12-06,ae853be4-410f-4ebc-9bea-d41684c1fe47
d0830e93-0a5b-4d8f-bb20-cbf81abd9509,5,30,13,207.43,470.5,2023-01-05,a85223df-953b-4304-b4f9-7bafdc3381f4
bd9bdf5a-bea2-4ef5-9a8e-70a6ac34fd43,2,180,44,325.18,51.51,2022-12-15,1d893c23-fa65-42af-a7c7-5d62b3e4c68c
8473e0f8-dc97-46f7-a026-245ef52c48a9,6,174,47,304.7,687.04,2023-05-23,d8d1ca87-b39a-4197-ac4e-a320b3b5aec4
bc8331b5-9fc4-4a5c-9399-6d99f38d6ae4,7,91,131,549.71,207.12,2023-03-24,b88dfbbd-ee13-4362-8f2c-7df382e04b13
a4b1d2e3-dc26-40aa-9a61-01c8ba85d61a,2,68,110,826.72,509.26,2023-05-21,ed48ec9c-6618-49e2-a22a-996cecd9ca14
fc42cad7-1fc2-46e6-b21c-f61fbaa87790,6,138,94,528.46,643.15,2022-12-29,c1dd496d-c641-4485-908b-51f7e8282570
a51d3a66-7949-4221-99dd-8a086e01f41e,6,79,138,246.0,350.96,2023-05-13,72293654-7198-44c0-bfdf-10980602848c
df200930-3890-4c26-a0e2-d9c1351d7293,1,180,172,771.57,903.21,2023-04-08,0254d5ea-0543-4bd9-8f8c-ff6f5daa1495
890f4c52-b638-4199-866c-7b81df9da7a6,7,113,145,909.04,666.28,2023-03-01,34a31b76-5126-496d-983e-c11abf206953
a2d6d1a5-6023-4052-b0d5-0a9e3eae3664,2,61,17,110.53,859.05,2023-03-14,12b28874-f338-42f6-9733-98e023f292d9
f10f11bc-fc7e-4879-990f-3adf141ed687,5,1,127,954.48,662.75,2023-05-23,89a830a4-d0a5-41cc-87d1-86d2cd5c707f
f8010acc-0e7b-45db-9ace-64bb9867d42b,5,91,108,286.16,764.7,2023-05-23,63c6e2c4-8cd1-4bb6-974d-c6d1148233e4
ecd9fde6-303f-4d12-bcc0-53338d0e2929,4,65,36,550.28,729.54,2023-02-09,6b9724b6-7508-4dda-8240-94a1608e9c45
0e5c6c1f-597c-457a-82ad-dce238ca6b9b,2,72,136,621.82,108.0,2023-04-16,ee6990e4-5dd2-445e-82db-9207a4e71161
54833767-62cb-4e66-9ffd-72df0c492ba2,1,183,66,906.33,143.4,2023-03-18,cbffe52d-0edd-41ea-bded-0e3c6cfaafb4
085da18e-c427-4d75-b9b5-65b189cc49b8,7,142,15,820.61,325.4,2023-04-07,16ad02ff-62dd-4a73-a120-4cf1494b737e
e76d696d-7d7e-4916-ab08-d31a96906342,7,102,102,420.1,999.01,2023-01-22,789eec0f-6b7e-4ca8-8a8f-3166af5c7bb3
47c7187f-bd01-4eea-87aa-b77007db779d,2,20,59,873.22,164.85,2023-01-19,e9577b33-a661-448c-8957-5ab22aaab13d
bc47e74f-a1c6-4d98-8e20-6cd529f86d2b,6,60,76,790.77,867.35,2022-12-04,83fb1d72-e21c-4e4a-8680-c8e882ab9d65
ba06fa98-40cd-4f74-959b-5f72bdc157be,8,180,4,351.36,375.65,2023-01-03,79c03bb6-b709-4861-a583-f23c31d50aab
1bfb5a53-e607-46cf-ae12-82855af548c6,3,55,134,527.69,783.27,2023-04-15,dddc8aa8-dca7-4254-b7b1-41c300eda209
ba747b2b-1b0f-4f70-b0b7-e686b77a8307,6,199,103,619.06,493.69,2023-04-29,11f70df0-cef5-49f6-9d86-90913eef6a8d
0aea7cd2-d844-4570-be30-e9e87a0f31b8,6,45,123,299.35,697.24,2023-04-18,996715be-e287-4e6d-b158-51550f33009a
4f5788f8-c4e5-4328-9c5a-f5dcefa58fe8,6,120,93,985.09,818.31,2023-04-29,b1bf8b1f-c24a-4109-b369-a2cc8fb1f623
4354c5aa-8caa-4a39-a4cb-0fb0810a4b37,1,187,150,905.26,131.53,2023-05-11,64309c7b-9b2b-4739-8d0b-3b76ab7ad6d0
15aeb3c9-b058-4841-97f6-fe74b18beb8c,5,72,26,638.98,442.09,2023-03-07,2e402e7f-1d61-4c7a-9239-b2ea1d0ff2c5
52a1da09-5968-47c5-ac17-352da14d83a7,3,126,183,750.4,989.03,2023-01-14,5e6a192c-a3ec-4a18-b402-e4f20f009ee2
2e575c47-772d-4cab-8431-23469e4d6794,1,182,151,128.7,528.47,2023-05-16,a5be4706-8288-4a14-8a22-6c44102366c1
c79a7883-fa1a-493b-877b-40766f784340,3,17,103,244.86,671.05,2023-02-08,9479462d-71e5-4eee-8b34-1a4291f98454
8c9b7f12-d57c-4ede-905c-93defc56d189,5,128,12,205.47,645.13,2023-04-21,1bab392c-abb4-44ba-bdf4-37721db2a4f8
4aae89ae-a4eb-45b4-bb69-1eb2e2ceba9f,7,41,35,884.09,335.11,2023-05-23,50f5b467-1a5e-4ac9-9090-99da80b9430a
8821923f-d231-4014-885c-d2938a2769d0,8,185,172,245.62,772.2,2022-12-26,46178a64-119e-4bf7-be12-3c04904f1555
ea946109-dda2-49cb-971b-e28b95d9e61e,4,182,13,545.74,387.65,2023-03-01,7d8d2f9a-60e9-45bd-86c2-fb2d56d67986
169fb1b9-3fee-4c3a-9422-9ebcb7524906,8,106,97,834.76,476.36,2023-01-19,11b26d80-b0db-4137-847c-8e5230009f91
fab34977-454f-4529-905a-333c0709a20f,2,52,16,783.42,867.21,2023-02-18,a7edb18a-5c12-4812-a46f-8efb94368b04
ce23a19c-3271-442e-8c0f-3f375cc072ab,1,11,162,302.73,811.55,2023-05-25,adda7d80-e9df-4803-909a-adb564c88a3c
8ed6ce56-bd76-4c41-b78d-8a6e8bc6089a,1,53,108,210.72,403.7,2022-12-09,211a635f-0191-47fe-8d93-54dccae6ea88
046eda3b-8967-458c-9dec-dd21d5f7f563,2,180,111,596.03,676.86,2023-05-18,8ecf9aa7-d0c5-4828-9808-e05327f8dfe4
82c3fc7d-dd27-4f8a-8b6c-8affa99d51fd,1,24,116,847.07,240.94,2023-05-02,626c2f38-d4b4-4780-a9cc-282ab243e521
649eaebe-b58e-441f-a270-c12d1512e0f4,5,63,174,655.36,781.6,2023-01-29,6ff0838c-77ad-4ffc-a3f9-7bed6b478d1c
6becfd48-5da5-4bb2-8cd3-23885af96770,3,29,192,968.05,105.48,2023-03-07,58b16387-8071-444f-8945-63a8b28c9c97
75e66bbe-dabc-437e-b80b-b6184bdc27cc,6,18,52,885.17,421.95,2023-03-01,36bd3cd7-5673-4b76-9d13-8b0750f7719d
e5d5725e-a436-444e-8008-7063c27fa887,6,36,151,718.07,254.64,2023-01-29,63e72719-1e11-4a3f-b986-f4923227cf0c
f5240bc9-6f90-408e-9d89-9ec7dfe3192d,1,73,82,804.19,192.17,2023-02-11,dfec2ed7-fc79-4ce7-b03a-b8d7b93dadb7
22b4bc18-5306-4a2b-a4f9-650f2ac349b3,5,56,181,119.89,387.76,2023-04-06,4a4bcf96-cf7e-4be7-a4da-82b7e4b15fba
0b6567d6-d23f-40dc-9e14-a08986d6b498,2,175,12,479.85,372.58,2022-12-21,7015d5d3-bcf5-4d05-b289-1fda852d4aa9
d22c75e2-fd15-4276-9eda-16ebe0e780b0,4,74,159,356.73,552.87,2023-01-28,dd48e701-56a4-4e18-a578-63360d93cc47
2da93e1f-95db-472e-9e0b-0c2f37d0f410,7,108,121,165.56,932.51,2023-02-09,3bd930b4-c21f-44ec-9ef6-7e35e7f8a2f2
3344f502-bbc5-4976-ae15-3b79f80a23a1,3,116,134,144.31,510.19,2022-12-30,0f38c587-3fa7-40c8-adf0-0fa6871bc34f
8a1e2248-04cb-4590-836a-7f8f032ccb33,1,35,92,341.34,488.56,2022-12-15,da34eda7-3363-4e39-97d6-42b484f9b692
05244be0-0f3b-40ec-ae17-47d7e0bc05cc,4,71,34,402.5,400.71,2023-03-29,66f31317-a910-406c-9e08-e4136fd08289
0926a537-4263-478b-a698-ea9ecabe043d,7,137,82,949.91,971.76,2023-03-17,1e2303ae-b614-4cf3-9b40-00528bb712c9
3acffbda-111e-427e-842d-b3ffeadc1d18,8,103,116,773.93,893.59,2023-04-24,3c566b73-bef2-4c85-bb7f-081689783303
6605ac33-a267-4c71-9e14-dba6f8086b6b,1,175,186,885.49,251.08,2023-03-07,8c082c80-4355-464d-87cc-b1b5bfab5fb8
f8d5ded1-a10e-4e8d-b64c-caed2ebfeede,3,9,133,612.88,349.32,2022-12-06,d62784ae-9cf5-4eff-9734-9f6f32f934cb
804dedd3-eca5-4808-aa12-ef3a7270545d,8,80,112,809.86,180.24,2023-02-10,de023102-acad-49ee-bdae-faa49c82d79d
4b9f2235-c1c2-497b-b52b-7f20751332eb,4,79,56,732.7,243.42,2023-05-10,80682757-862e-4846-95eb-9fea2cb47a3e
6e42a448-0b54-4a8c-8fcb-3cbcfdae3d9e,7,15,99,344.7,76.3,2023-03-05,78dbbad1-a37f-45c8-a32a-7abae7f5b2cb
0fa378e9-0308-4b33-8691-ab8a0eb57e79,5,161,87,192.09,735.69,2023-03-27,85c96f93-e6cc-4bf5-b3b8-b9664efa8e63
8b0ef905-59f6-479b-95fa-8968cfd735c7,4,19,156,356.28,252.65,2023-01-28,d1ffab54-a702-4c5e-a628-b274502a35a9
9e4f97e3-22d1-40f6-9dc6-11e43465a515,6,56,149,396.26,979.57,2022-12-15,5432bb17-836e-48c8-bc18-9a33da195185
3859d7fb-8f3c-4c9c-841e-7a340f6d86c1,1,22,137,779.66,301.3,2022-12-04,6d18db9f-5051-4bfb-bd83-783431634cee
e303a3f0-559a-4b43-9d6f-b10113afa93b,4,195,63,397.96,416.36,2022-12-31,aaebdc88-e0ee-43d2-a8dc-2d912b71340f
f8541ffb-845d-4fee-b142-1d383c0f4c13,1,22,15,207.55,324.34,2023-04-24,7343d260-2da2-482a-a23f-669ec22be5b3
039a9083-924f-4bf8-818a-0a95adf8e7f6,5,29,184,568.67,919.72,2023-04-28,16d4e2b1-ad4a-41fc-ade3-d5ed3c785722
65c84171-e3e8-42c9-a8c8-7732d5f46731,3,43,66,393.14,427.33,2023-02-14,8b4ca1bd-bd44-4536-ac74-b6516d0f86df
f4d733f0-d21e-4d01-a5e7-5e82aa7d2bea,3,199,55,355.39,86.78,2022-12-07,ef12b1ad-6f4b-4ba3-962f-55166cd91b86
28246858-8321-4594-a335-a6a829039962,6,77,185,576.25,665.85,2022-12-18,4281701a-3897-4c32-ac77-d098f782b0ab
4ac5bba6-e452-478b-89ec-46541bea4726,7,129,166,274.49,950.08,2023-03-17,f280a4c1-6730-4340-a9f4-6ab0cb7c2de9
767fed6a-6469-4857-a6a2-9536e5361381,2,158,138,301.25,269.54,2023-01-14,7c30cfce-e7b1-488a-b9ec-7e34f1f15265
266193c0-a6ce-49a4-93c3-8b59c1b17973,2,42,171,852.16,318.5,2023-05-02,2e68bd71-deb7-4d7d-af8b-27efe5e8204d
7bd771de-1a16-4996-9047-a64c0d0a6475,2,160,181,221.22,89.11,2022-12-26,62d4b508-5f88-40de-8b00-17893523dc50
55f4ac63-f891-49d7-a051-7cd51da6c6f0,3,29,125,461.44,673.79,2022-12-05,4e323485-6719-46fb-b4ff-947ff1126347
d7bc2b42-0254-4691-8564-e49e02ba4873,6,93,106,717.64,437.03,2022-12-31,89f52ac8-4791-43ff-b124-a820c721f971
56b98d27-4b0b-4857-8489-dbb9994e5066,3,127,19,453.55,53.53,2023-05-30,bcbebf6c-a35c-4de1-815c-e31b9b7d00e1
42afa31f-1cf2-49d4-9563-b67bd509b8bd,1,72,46,815.07,711.75,2022-12-13,d6a6f48f-71bb-4c95-a343-1fadb5cd11bc
c849f887-6f97-4303-a752-dcf14ecaf419,2,61,151,556.79,879.12,2022-12-29,b0ec1de4-62ad-4aa6-8d02-be8542d83a9d
e1a5f9f0-3362-4595-9c9b-8ae3e4f29afa,7,69,158,493.64,677.56,2023-01-07,0df3ab02-53d1-4b34-84d3-aac24af19d27
183b9418-ee2f-446e-a315-521fd42c59ed,8,70,77,585.35,985.57,2023-01-29,87172b43-5501-4cbd-8101-f2b42a1e0d5b
ded2ad9b-b8fd-478a-80d2-8b605371cc2b,3,96,22,474.16,137.3,2023-01-22,f90ad58b-17cb-4ce1-b113-54291ebbe8a5
3d5154f8-72f8-4bab-ae6e-c2d2ed0e22d3,2,123,173,202.29,981.74,2022-12-12,d1d1305c-0a23-4b33-97a6-80aa9d64def0
b21f2952-b95c-45ac-ba70-e7e1d22f0198,1,3,174,447.43,424.24,2023-01-11,a8293c75-183e-43f5-97c8-3528e5b4c87d
1298b483-fb4a-49e1-ad77-ae98226c4183,4,200,22,790.84,560.29,2023-05-14,5de6d9c0-0cf9-4d47-8c25-3a2574069e89
cdfb3470-add9-46ac-932b-a6c01afa371b,7,115,99,604.49,962.79,2023-03-26,d2bc5c4b-5f7c-4eed-a61b-f63722b3b569
086f409e-2eef-473a-a60f-83aee634d530,5,75,43,250.7,229.6,2023-02-20,df7bc79f-f03a-4a64-b9d2-f2314bb5e6f5
910b6528-8bfe-4d5d-8674-972f0c1cc663,4,31,61,379.51,540.96,2023-04-10,09ebaf8c-712b-4c83-bbfd-c9487b0d5284
9918e8db-e0ee-4e20-b058-e5222847f331,6,16,68,815.97,62.73,2023-01-31,ee3f5bdc-2fee-4580-ab50-6a8e4f7286ed
ae15a5fd-a123-40f5-8ac5-41e3604f38ff,6,7,98,388.15,906.36,2023-02-24,88600684-25ce-45f6-91f1-cc95dcd6bc3a
a1be6bd1-19ac-4867-aa54-64b01cb698fd,7,160,199,627.0,547.89,2023-02-19,9b2f129a-3929-4193-bac1-b2f66032a9c1
50a0f6ed-997f-4d8a-970d-e739ab2f8e1f,7,89,7,956.64,180.44,2023-03-06,8e28ef9e-48c4-4bea-b4d2-94968f27ed8a
d36e06b1-86ae-44bd-81c6-f1d5f3cf6f10,2,171,32,877.36,660.83,2023-03-07,1245c777-6f9c-45bf-b952-8ad7932a807e
7ad9204f-b930-4875-9a49-50b0971891aa,8,111,76,805.15,454.29,2023-02-21,24e0c611-e3d8-4eaa-9db7-c3535665768c
3a03b3ca-d7f1-4d59-86d3-adb129bbcb2d,2,141,9,521.05,262.49,2023-02-17,e6767cde-4b6c-4e8d-8e66-6efbc7728d47
d5aeaed6-277e-446f-8a40-a25568b56980,1,11,42,951.06,511.61,2023-03-14,84623464-8f7d-4820-85c9-82da18100675
0c47d2a7-403d-4d6f-9c95-1e045e6281df,2,44,98,171.95,734.24,2023-05-24,ee74f97a-f7f8-4ef6-96e9-5586a65432bc
0da41042-b9f7-4694-bb7d-edb7e52077ff,3,38,127,782.5,601.99,2023-04-02,23ff4d9e-8f47-4cbc-b409-5ea7cf428735
64bd71ae-3963-43a1-89f4-d41f2420207c,2,12,28,483.83,714.71,2023-01-14,683f31f2-4a44-4f2f-8da3-a0701a6b149a
5ffd5333-b49f-438d-bd08-e2a60d5c7339,5,101,98,253.02,332.59,2023-02-01,6e805ade-7fbe-41cc-9257-57685ae50b36
11d24e77-3b93-425e-9897-5261b032450f,4,82,164,128.76,530.66,2023-02-27,48073e16-7d17-43c5-8dd8-721665a0ba3b
f6056782-6875-4811-8aa9-48f9cf15b743,6,43,104,541.48,912.7,2023-05-28,0bed156f-88ff-4cd8-852b-7611ac2c1180
db2b623b-22dd-40bc-9393-69c53bb8f2c2,4,80,2,405.29,748.97,2023-01-06,520ed29c-bdcb-49e5-b800-0ab7de2187a4
088b6c94-027c-437d-a4f3-a0cfeac7d0cb,2,92,95,563.32,122.38,2022-12-27,52efca56-b767-4aed-9476-e703b28d08c8
cd8bb0e8-e301-4fef-a4d8-6f1fd76c75b1,1,92,27,688.62,162.98,2023-05-22,4db04c72-2149-4928-aa41-10872b878ee2
a5d1aeb6-3f7e-4095-8283-6a7df8531dcc,8,23,65,456.18,456.37,2023-02-12,fc6f9832-0528-4e34-8ffa-ba9643cfba6f
fb353152-36a6-48bd-8e4f-479ddfe33d89,1,88,191,350.7,92.13,2023-04-06,4c59c6a0-3d45-4147-ae9e-803a06567b2a
27611269-8a1d-4121-a4df-219e35d86775,1,37,48,680.3,190.88,2023-05-06,508f268f-3dbb-4f37-b867-2930f4f7d19c
23666aaf-5047-4c1b-bf84-21022ba9d40e,4,171,128,157.06,84.55,2023-02-21,777c5b47-2bc5-4699-945e-c68b54e71841
74859165-2a4a-4a56-be75-de497c7d56d1,7,19,81,502.88,716.56,2023-05-05,ef81a50d-feac-4173-89a3-b1c6c4ab8563
f5507610-1ae2-4d63-a1c0-ed538df40617,1,88,70,833.15,114.09,2023-02-06,1ba47f72-f1a0-4367-b047-52dd6a4164e5
e1c4a728-1732-443d-bcbc-9d5608c10a96,6,18,159,115.71,429.89,2023-03-31,4bf1b041-98f9-428e-80d0-45617230bf2d
62a1872f-e956-4d98-9933-871350033735,1,82,146,556.48,236.79,2023-03-24,bc806da0-d1e1-41eb-a4fb-6a701a7c812e
c08d7d35-1090-4dbc-bd5a-e927aa13c018,5,61,78,354.7,610.39,2023-02-03,acac7352-d220-4a1f-9936-769ce7e24fc8
a0259209-8ed0-4a57-8c59-79b7c7eab720,5,161,192,194.49,844.74,2022-12-22,f725e9d3-2dc7-49c1-93bf-3498392d97eb
54efd9af-85a9-400b-b2b2-3050bdc44986,5,111,151,228.91,378.63,2023-04-18,4e554d8b-ab09-42e0-8d7f-f63fb9b19e96
1da431ca-bd10-4656-83fe-4ff3f7a03b8d,6,79,177,969.27,494.69,2023-01-12,e8df195e-b33a-40d2-b1be-cda6d39ea3ba
6a802f36-ec6e-43f2-bf80-c4c682f284b1,1,194,50,208.98,474.45,2023-04-05,36517e11-8bfd-4a64-b70d-8a15acffa645
40d59717-1412-4421-a57c-5ccb03655743,6,184,158,485.68,128.86,2023-04-26,e050114d-6042-4646-9724-fed3da717607
67bc38c9-64cf-489b-8a89-3498d44cdac5,1,70,153,642.94,560.04,2023-04-15,cbf61e5e-66b0-4e84-a59a-52c9f0bf37c2
63689e86-9d38-4c3d-8439-8f55f0473d1a,2,131,135,491.53,667.9,2023-05-23,c8d26dea-da5c-431d-9957-ba3396c922f3
1d33fbed-3823-4717-86f3-18bf385b79d6,8,26,66,563.47,534.34,2023-04-05,91412424-ddca-4d58-97c4-115e081fa72c
67a19264-6b50-41fe-aeb6-e1150b63a2a3,4,79,82,808.74,220.08,2023-05-25,595ca7de-1476-4d11-8fb9-2b02c7dfdcc7
95f24a5d-6f8d-41db-9188-28ae3d722e2e,3,26,89,627.42,114.38,2023-05-26,0786d66e-6749-4f77-8441-2ca506c79597
c8efd3fa-0156-4852-8cc6-5a2877a86ec7,1,142,34,491.05,945.53,2023-02-02,062164d6-5d1d-4b17-9091-2a5839673ab7
a4f6edcb-09a4-496e-89dd-d9c7bbe528ac,7,45,50,552.95,292.91,2023-05-24,d915ca96-9b4b-45f4-8a7b-0aabcbdf9dff
