-- Include your INSERT SQL statements in this file.
-- Make sure to terminate each statement with a semicolon (;)

-- LEAVE this statement on. It is required to connect to your database.
CONNECT TO cs421;

-- Remember to put the INSERT statements for the tables with foreign key references
--    ONLY AFTER the parent tables!

-- This is only an example of how you add INSERT statements to this file.
--   You may remove it.

-- INSERT INTO MYTEST01 (id, value) VALUES(4, 1300);
-- A more complex syntax that saves you typing effort.
-- INSERT INTO MYTEST01 (id, value) VALUES
-- (7, 5144)
-- ,(3, 73423)
-- ,(6, -1222)
-- ;
-- */

-- /* PART 1 */

INSERT INTO Teams VALUES
  ('Argentina' , 'Argentine Football Association' , 'https://www.afa.com.ar/' , 'C'),
  ('Australia' , 'Football Australia' , 'https://en.wikipedia.org/wiki/Australia_men%27s_national_soccer_team' , 'D'),
  ('Belgium' , 'FIFA' , 'https://en.wikipedia.org/wiki/Belgium_national_football_team' , 'F'),
  ('Brazil' , 'Brazilian Football Confederation' , 'https://www.cob.org.br/en/confederacoes/CBF' , 'G'),
  ('Cameroon' , 'Fédération Camerounaise de Football' , 'https://en.wikipedia.org/wiki/Cameroon_national_football_team' , 'G'),
  ('Canada' , 'Canada Soccer' , 'https://canadasoccer.com/' , 'F'),
  ('Costa Rica' , 'FEDEFUTBOL' , 'https://en.wikipedia.org/wiki/Costa_Rica_national_football_team' , 'E'),
  ('Croatia' , 'Croatian Football Federation ' , 'https://en.wikipedia.org/wiki/Croatia_women%27s_national_football_team' , 'F'),
  ('Denmark' , 'Danish Football Association (DBU)' , 'https://en.wikipedia.org/wiki/Denmark_national_football_team' , 'D'),
  ('Ecuador' , ' Ecuadorian Football Federation' , 'https://en.wikipedia.org/wiki/Ecuador_national_football_team' , 'A'),
  ('England' , 'FA' , 'https://www.englandfootball.com/' , 'B'),
  ('France' , 'FFF' , 'https://uk.fff.fr/' , 'D'),
  ('Germany' , 'Deutscher Fußball-Bund' , 'https://en.wikipedia.org/wiki/Germany_national_football_team' , 'E'),
  ('Ghana' , 'Ghana Football Association (GFA)' , 'https://en.wikipedia.org/wiki/Ghana_national_football_team' , 'H'),
  ('Iran' , 'Football Federation Islamic Republic of Iran ' , 'https://en.wikipedia.org/wiki/Iran_national_football_team' , 'B'),
  ('Japan' , 'サッカー日本代表' , 'https://en.wikipedia.org/wiki/Japan_national_football_team' , 'E'),
  ('Mexico' , 'Mexican Football Federation' , 'https://fmf.mx/' , 'C'),
  ('Morocco' , 'FRMF.' , 'https://en.wikipedia.org/wiki/Morocco_national_football_team' , 'F'),
  ('Netherlands' , 'KNVB' , 'https://en.wikipedia.org/wiki/Netherlands_national_football_team' , 'A'),
  ('Poland' , 'PZPN' , 'https://en.wikipedia.org/wiki/Poland_national_football_team' , 'C'),
  ('Portugal' , 'FPF' , 'https://en.wikipedia.org/wiki/Portugal_national_football_team' , 'H'),
  ('Qatar' , 'Qatar' , 'https://en.wikipedia.org/wiki/Qatar_national_football_team' , 'A'),
  ('Saudi Arabia' , 'المنتخب الْعَرَبِي السُّعُودِيّ لِكُرَّةُ الْقَدَم' , 'https://en.wikipedia.org/wiki/Saudi_Arabia_national_football_team' , 'C'),
  ('Senegal' , 'Senegalese Football Federation' , 'https://en.wikipedia.org/wiki/Senegal_national_football_team' , 'A'),
  ('Serbia' , 'Football Association of Serbia' , 'https://en.wikipedia.org/wiki/Serbia_national_football_team' , 'G'),
  ('South Korea' , 'Korea Football Association' , 'https://en.wikipedia.org/wiki/South_Korea_national_football_team' , 'H'),
  ('Spain' , 'Royal Spanish Football Federation' , 'https://en.wikipedia.org/wiki/Spain_national_football_team' , 'E'),
  ('Switzerland' , 'the Swiss Football Association.' , 'https://en.wikipedia.org/wiki/Switzerland_national_football_team' , 'G'),
  ('Tunisia' , 'منتخب تُونُس لِكُرَّةُ الْقَدَم' , 'https://en.wikipedia.org/wiki/Tunisia_national_football_team' , 'D'),
  ('Uruguay' , 'Uruguayan Football Association' , 'https://www.auf.org.uy/' , 'H'),
  ('United States' , 'US Soccer' , 'https://www.ussoccer.com/' , 'B'),
  ('Wales' , 'Wales' , 'https://en.wikipedia.org/wiki/Wales_national_football_team' , 'B')
  ;
  
INSERT INTO Players VALUES
  ('France' , 37160 , 'Rosalynd Spours' , 'Goalie' , '1991-04-14'),
  ('Brazil' , 54286 , 'Friederike Bolan' , 'Right Fullback' , '1999-05-16'),
  ('Brazil' , 779 , 'Tobin De Francesco' , 'Left Fullback' , '1994-01-02'),
  ('Portugal' , 30 , 'Test Test' , 'Center Back' , '1999-01-19'),
  ('Germany' , 837 , 'Ingrim Bassick' , 'Center Back' , '1981-07-01'),
  ('Poland' , 69555 , 'Test Test' , 'Defending' , '1980-11-22'),
  ('Brazil' , 9431 , 'Sande Bridge' , 'Right Midfielder' , '1992-01-23'),
  ('Portugal' , 74 , 'Test Test' , 'Center Midfielder' , '1990-10-04'),
  ('Portugal' , 80370 , 'Torin Lissandre' , 'Center Forward' , '1994-08-27'),
  ('United States' , 8778 , 'Test Test' , 'Attacking Midfielder' , '2000-10-03'),
  ('Mexico' , 7649 , 'Addy Domingues' , 'Left Midfielder' , '1994-07-26'),
  ('Uruguay' , 5 , 'Alistair Scrafton' , 'Goalie' , '1992-03-22'),
  ('Brazil' , 21 , 'Nelli Shorten' , 'Right Fullback' , '1985-09-13'),
  ('Tunisia' , 90 , 'Test Test' , 'Left Fullback' , '1989-06-15'),
  ('Portugal' , 81494 , 'Brooks Ankers' , 'Center Back' , '1996-01-22'),
  ('Brazil' , 4 , 'Karlens Corrao' , 'Center Back' , '1994-02-08'),
  ('Denmark' , 26 , 'Cheryl Biasetti' , 'Defending' , '1997-07-02'),
  ('Iran' , 5359 , 'Pen Philcott' , 'Right Midfielder' , '1991-06-17'),
  ('Germany' , 8 , 'Noell Killerby' , 'Center Midfielder' , '1995-02-16'),
  ('Poland' , 3 , 'Tommie Tethacot' , 'Center Forward' , '2002-03-01'),
  ('Brazil' , 62 , 'Delano Toohey' , 'Attacking Midfielder' , '2003-06-10'),
  ('Brazil' , 3 , 'Bordie Lamberti' , 'Left Midfielder' , '1988-07-19'),
  ('Japan' , 5688 , 'Baldwin Gianni' , 'Goalie' , '1999-11-04'),
  ('France' , 673 , 'Jolynn Abdon' , 'Right Fullback' , '1992-05-06'),
  ('Portugal' , 68 , 'Oralee McElree' , 'Left Fullback' , '1980-12-10'),
  ('United States' , 4 , 'Tito Dawidman' , 'Center Back' , '1976-04-12'),
  ('Japan' , 2846 , 'Fleming Oldale' , 'Center Back' , '1990-09-09'),
  ('Morocco' , 2471 , 'Germayne Kiln' , 'Defending' , '1988-05-31'),
  ('Argentina' , 94336 , 'Austin Brabbins' , 'Right Midfielder' , '1981-01-28'),
  ('Japan' , 421 , 'Aile Tigwell' , 'Center Midfielder' , '1996-10-12'),
  ('United States' , 53134 , 'Netti Hellwich' , 'Center Forward' , '1987-07-06'),
  ('Poland' , 87582 , 'Liesa Ilyuchyov' , 'Attacking Midfielder' , '1997-08-14'),
  ('United States' , 7 , 'Allison Meadley' , 'Left Midfielder' , '1981-02-09'),
  ('Argentina' , 4717 , 'Barr Luggar' , 'Goalie' , '1991-02-02'),
  ('Mexico' , 2854 , 'Cybill McNae' , 'Right Fullback' , '1997-04-26'),
  ('Ecuador' , 779 , 'Allison Meadley' , 'Left Fullback' , '1978-03-15'),
  ('Croatia' , 953 , 'Loren Whyffen' , 'Center Back' , '1994-11-22'),
  ('United States' , 2190 , 'Abner Tilne' , 'Center Back' , '2004-12-01'),
  ('Germany' , 23050 , 'Lezley Strettell' , 'Defending' , '1977-09-01'),
  ('Morocco' , 9366 , 'Nicko Abrehart' , 'Right Midfielder' , '1994-03-16'),
  ('Argentina' , 2446 , 'Isadora Scambler' , 'Center Midfielder' , '1990-01-29'),
  ('France' , 58 , 'Norri Walsham' , 'Center Forward' , '1993-03-01'),
  ('Portugal' , 1564 , 'Merola Mayes' , 'Attacking Midfielder' , '1978-02-26'),
  ('United States' , 2972 , 'Dallas Gittus' , 'Left Midfielder' , '1987-11-16'),
  ('France' , 29 , 'Lorelei Booler' , 'Goalie' , '1977-04-09'),
  ('France' , 30384 , 'Tonie Warricker' , 'Right Fullback' , '2002-01-29'),
  ('Canada' , 238 , 'Tess Zecchinii' , 'Left Fullback' , '1986-12-05'),
  ('Netherlands' , 31 , 'Berny Simmank' , 'Center Back' , '2000-07-13'),
  ('Brazil' , 8171 , 'Karoly Rentz' , 'Center Back' , '1982-06-04'),
  ('Canada' , 323 , 'Christine Sinclair' , 'Defending' , '1988-05-22')
   ;

INSERT INTO Coaches VALUES
  ('Poland' , 'Zeke De Moreno' , '1988-11-25' , 'head'),
  ('Brazil' , 'Lyman Cicullo' , '1987-03-06' , 'assistant'),
  ('Canada' , 'Joelly Richens' , '1982-06-06' , 'head'),
  ('Poland' , 'Rycca Pennaman' , '1984-07-01' , 'assistant'),
  ('Brazil' , 'Martyn Thring' , '1998-10-23' , 'head'),
  ('Brazil' , 'Bentlee Antczak' , '1995-02-02' , 'assistant'),
  ('France' , 'Kaylil Acomb' , '1999-04-03' , 'head'),
  ('Argentina' , 'Binni Gudyer' , '1988-04-29' , 'assistant'),
  ('Poland' , 'Kalvin Pratten' , '1990-03-23' , 'head'),
  ('Brazil' , 'Kirby Pallister' , '1999-12-13' , 'assistant'),
  ('Brazil' , 'Shayne Poulsom' , '1992-04-04' , 'head'),
  ('France' , 'Doralyn Novotne' , '1986-07-06' , 'assistant'),
  ('Iran' , 'Fulvia Node' , '1982-04-25' , 'head'),
  ('Brazil' , 'Hollie Muglestone' , '1980-10-08' , 'assistant'),
  ('Argentina' , 'Adiana Byers' , '1977-05-12' , 'head'),
  ('Portugal' , 'Zeb Baynam' , '1982-07-25' , 'assistant'),
  ('Japan' , 'Hertha Fallens' , '1984-05-22' , 'head'),
  ('Brazil' , 'Gav Jex' , '1993-04-28' , 'assistant'),
  ('Argentina' , 'Allis Berrycloth' , '1993-05-15' , 'head'),
  ('Portugal' , 'Nataniel Childs' , '1993-05-05' , 'assistant')
   ;

INSERT INTO Referees VALUES
  ('Clarey Nelm' , 1 , 'Brazil'),
  ('Staci Chaplin' , 2 , 'Uruguay'),
  ('Harli MacSkeagan' , 3 , 'Portugal'),
  ('Brittany Radwell' , 4 , 'Spain'),
  ('Cherie Shawyers' , 12 , 'Croatia'),
  ('Malia Karpf' , 6 , 'Australia'),
  ('Zaccaria Davidsohn' , 7 , 'Saudi Arabia'),
  ('Forester Masdon' , 8 , 'Tunisia'),
  ('Garv Pybus' , 9 , 'Poland'),
  ('Elana Dimock' , 10 , 'France'),
  ('Terza Nafziger' , 11 , 'Brazil'),
  ('Lionel Coslett' , 23 , 'Mexico'),
  ('Myrtia Pelman' , 13 , 'Portugal'),
  ('Georgeta Morch' , 14 , 'Mexico'),
  ('Karna Dienes' , 15 , 'Portugal'),
  ('Hobie Briggdale' , 12 , 'Canada'),
  ('Ebba Whichelow' , 17 , 'France'),
  ('Shandra Rivallant' , 18 , 'Spain'),
  ('Kirsteni Wilshaw' , 19 , 'Poland'),
  ('Malena Stare' , 20 , 'Portugal');
  
INSERT INTO Stadiums VALUES
  ('Molson Stadium' , 'Yanling' , 2149),
  ('McConnell Arena' , 'Rawaglagah' , 16039),
  ('Rutherford Park' , 'Erpeldange' , 8855),
  ('Forbes Field' , 'Curahpacul Satu' , 61592),
  ('Tomlinson Fieldhouse' , 'Dalong' , 14613),
  ('Lower Field' , 'Ōno-hara' , 23451),
  ('Leacock 132' , 'Caacupé' , 6492),
  ('Mont Royal' , 'Xiaji' , 62421),
  ('Bell Centre' , 'Vakhtan' , 70219),
  ('McGill Gym' , 'Chengjiang' , 18555);
  
INSERT INTO Games VALUES
  (1 , '2022-05-11' , '03:06:00' , '01:46:00' , 1, 'Molson Stadium', 'Mexico', 'Japan'),
  (2 , '2023-02-16' , '07:46:00' , '01:41:00' , 2, 'McConnell Arena', 'Tunisia', 'Mexico'),
  (3 , '2022-09-07' , '16:16:00' , '01:56:00' , 3, 'Rutherford Park', 'Japan', 'United States'),
  (4 , '2022-09-23' , '02:54:00' , '01:52:00' , 4, 'Forbes Field', 'France', 'Iran'),
  (5 , '2022-09-20' , '14:57:00' , '01:45:00' , 5, 'Tomlinson Fieldhouse', 'Mexico', 'Portugal'),
  (6 , '2022-11-09' , '15:02:00' , '01:57:00' , 6, 'Lower Field', 'Ecuador', 'Brazil'),
  (7 , '2022-12-07' , '19:23:00' , '01:38:00' , 1, 'Leacock 132', 'Poland', 'Portugal'),
  (8 , '2022-07-09' , '12:11:00' , '01:49:00' , 2, 'Mont Royal', 'Japan', 'South Korea'),
  (9 , '2022-04-17' , '13:19:00' , '01:58:00' , 3, 'Bell Centre', 'France', 'Poland'),
  (10 , '2022-10-29' , '11:12:00' , '01:43:00' , 4, 'Molson Stadium', 'Netherlands', 'France'),
  (11 , '2022-04-27' , '04:54:00' , '01:39:00' , 5, 'McConnell Arena', 'Poland', 'Brazil'),
  (12 , '2022-03-22' , '22:41:00' , '01:41:00' , 6, 'Rutherford Park', 'Iran', 'Croatia'),
  (13 , '2022-08-28' , '03:36:00' , '01:57:00' , 7, 'Forbes Field', 'Brazil', 'Poland'),
  (14 , '2022-07-08' , '04:59:00' , '01:49:00' , 8, 'Tomlinson Fieldhouse', 'Portugal', 'Costa Rica'),
  (15 , '2022-05-31' , '04:08:00' , '01:52:00' , 1, 'Lower Field', 'Brazil', 'Japan'),
  (16 , '2022-06-01' , '07:01:00' , '01:44:00' , 2, 'Leacock 132', 'Brazil', 'Poland'),
  (17 , '2022-06-01' , '21:43:00' , '01:42:00' , 3, 'Mont Royal', 'Poland', 'England'),
  (18 , '2022-11-02' , '22:32:00' , '01:44:00' , 4, 'Bell Centre', 'Iran', 'Poland'),
  (19 , '2022-04-25' , '19:09:00' , '01:37:00' , 5, 'Molson Stadium', 'United States', 'Brazil'),
  (20 , '2022-02-16' , '04:34:00' , '01:47:00' , 6, 'McConnell Arena', 'Portugal', 'Poland'),
  (21 , '2022-10-27' , '05:04:00' , '01:51:00' , 1, 'Rutherford Park', 'Portugal', 'United States'),
  (22 , '2022-03-14' , '13:54:00' , '01:35:00' , 2, 'Forbes Field', 'Poland', 'Brazil'),
  (23 , '2023-01-01' , '20:41:00' , '01:37:00' , 3, 'Tomlinson Fieldhouse', 'Poland', 'England'),
  (24 , '2022-01-30' , '19:32:00' , '01:36:00' , 4, 'Lower Field', 'Croatia', 'Belgium'),
  (25 , '2022-07-02' , '08:31:00' , '01:53:00' , 5, 'Leacock 132', 'Portugal', 'Costa Rica'),
  (26 , '2022-07-07' , '07:40:00' , '01:55:00' , 6, 'Mont Royal', 'United States', 'Portugal'),
  (27 , '2022-12-23' , '14:33:00' , '01:58:00' , 1, 'Bell Centre', 'Japan', 'France'),
  (28 , '2022-05-28' , '22:36:00' , '01:52:00' , 2, 'Molson Stadium', 'Poland', 'Brazil'),
  (29 , '2022-08-27' , '23:43:00' , '01:43:00' , 3, 'McConnell Arena', 'Spain', 'Canada'),
  (30 , '2022-04-28' , '05:43:00' , '01:43:00' , 4, 'Rutherford Park', 'Portugal', 'Canada'),
  (31 , '2022-05-21' , '15:05:00' , '01:56:00' , 5, 'Forbes Field', 'Brazil', 'Wales'),
  (32 , '2023-01-18' , '21:39:00' , '01:41:00' , 6, 'Tomlinson Fieldhouse', 'Mexico', 'United States');
  
INSERT INTO Goals VALUES
  (1 , 1 , 52 , 'FALSE' , 7649, 'Mexico'),
  (1 , 2 , 41 , 'FALSE' , 5688, 'Japan'),
  (1 , 3 , 89 , 'FALSE' , 7649, 'Mexico'),
  (1 , 4 , 44 , 'FALSE' , 5688, 'Japan'),
  (2 , 1 , 6 , 'TRUE' , 90, 'Tunisia'),
  (2 , 2 , 44 , 'FALSE' , 7649, 'Mexico'),
  (2 , 3 , 23 , 'FALSE' , 90, 'Tunisia'),
  (3 , 1 , 6 , 'FALSE' , 5688, 'Japan'),
  (4 , 1 , 58 , 'TRUE' , 37160, 'France'),
  (4 , 2 , 33 , 'FALSE' , 37160, 'France'),
  (4 , 3 , 78 , 'FALSE' , 5359, 'Iran'),
  (5 , 1 , 44 , 'FALSE' , 30, 'Portugal'),
  (6 , 1 , 78 , 'TRUE' , 779, 'Ecuador'),
  (6 , 2 , 38 , 'TRUE' , 779, 'Ecuador'),
  (6 , 3 , 14 , 'TRUE' , 779, 'Ecuador'),
  (7 , 1 , 9 , 'FALSE' , 69555, 'Poland'),
  (7 , 2 , 38 , 'FALSE' , 30, 'Portugal'),
  (7 , 3 , 85 , 'FALSE' , 30, 'Portugal'),
  (7 , 4 , 40 , 'TRUE' , 69555, 'Poland'),
  (7 , 5 , 38 , 'FALSE' , 69555, 'Poland'),
  (7 , 6 , 74 , 'FALSE' , 69555, 'Poland'),
  (7 , 7 , 77 , 'FALSE' , 5688, 'Japan'),
  (8 , 1 , 77 , 'TRUE' , 5688, 'Japan'),
  (8 , 2 , 89 , 'FALSE' , 5688, 'Japan'),
  (9 , 1 , 4 , 'FALSE' , 69555, 'Poland'),
  (10 , 1 , 53 , 'FALSE' , 31, 'Netherlands'),
  (12 , 1 , 23 , 'FALSE' , 5359, 'Iran'),
  (13 , 1 , 5 , 'FALSE' , 54286, 'Brazil'),
  (14 , 1 , 60 , 'FALSE' , 30, 'Portugal'),
  (14 , 2 , 1 , 'FALSE' , 30, 'Portugal'),
  (15 , 1 , 38 , 'TRUE' , 5688, 'Japan'),
  (15 , 2 , 84 , 'FALSE' , 54286, 'Brazil'),
  (16 , 1 , 38 , 'FALSE' , 54286, 'Brazil'),
  (16 , 2 , 13 , 'FALSE' , 54286, 'Brazil'),
  (16 , 3 , 62 , 'TRUE' , 54286, 'Brazil'),
  (16 , 4 , 82 , 'TRUE' , 54286, 'Brazil'),
  (16 , 5 , 11 , 'FALSE' , 69555, 'Poland'),
  (17 , 1 , 28 , 'FALSE' , 69555, 'Poland'),
  (17 , 2 , 72 , 'FALSE' , 69555, 'Poland'),
  (19 , 1 , 60 , 'FALSE' , 8778, 'United States'),
  (20 , 1 , 64 , 'FALSE' , 30, 'Portugal'),
  (21 , 1 , 52 , 'TRUE' , 8778, 'United States'),
  (21 , 2 , 79 , 'FALSE' , 30, 'Portugal'),
  (22 , 1 , 78 , 'FALSE' , 54286, 'Brazil'),
  (22 , 2 , 54 , 'FALSE' , 54286, 'Brazil'),
  (22 , 3 , 4 , 'FALSE' , 69555, 'Poland'),
  (22 , 4 , 15 , 'TRUE' , 69555, 'Poland'),
  (23 , 1 , 75 , 'FALSE' , 69555, 'Poland'),
  (23 , 2 , 66 , 'FALSE' , 69555, 'Poland'),
  (23 , 3 , 61 , 'FALSE' , 69555, 'Poland'),
  (23 , 4 , 13 , 'FALSE' , 69555, 'Poland'),
  (24 , 1 , 75 , 'FALSE' , 953, 'Croatia'),
  (24 , 2 , 49 , 'FALSE' , 953, 'Croatia'),
  (25 , 1 , 26 , 'TRUE' , 30, 'Portugal'),
  (25 , 2 , 76 , 'FALSE' , 30, 'Portugal'),
  (26 , 1 , 15 , 'FALSE' , 8778, 'United States'),
  (26 , 2 , 33 , 'FALSE' , 30, 'Portugal'),
  (26 , 3 , 57 , 'FALSE' , 8778, 'United States'),
  (27 , 1 , 5 , 'FALSE' , 5688, 'Japan'),
  (27 , 2 , 55 , 'FALSE' , 5688, 'Japan'),
  (28 , 1 , 60 , 'FALSE' , 69555, 'Poland'),
  (28 , 2 , 64 , 'FALSE' , 54286, 'Brazil'),
  (28 , 3 , 2 , 'TRUE' , 69555, 'Poland'),
  (28 , 4 , 62 , 'FALSE' , 69555, 'Poland'),
  (29 , 1 , 70 , 'FALSE' , 238, 'Canada'),
  (29 , 2 , 2 , 'FALSE' , 323, 'Canada'),
  (29 , 3 , 76 , 'FALSE' , 323, 'Canada'),
  (29 , 4 , 20 , 'FALSE' , 238, 'Canada'),
  (30 , 1 , 7 , 'FALSE' , 30, 'Portugal'),
  (30 , 2 , 48 , 'FALSE' , 323, 'Canada'),
  (31 , 1 , 66 , 'FALSE' , 54286, 'Brazil'),
  (31 , 2 , 13 , 'FALSE' , 54286, 'Brazil'),
  (31 , 3 , 76 , 'FALSE' , 54286, 'Brazil'),
  (31 , 4 , 9 , 'FALSE' , 54286, 'Brazil'),
  (32 , 1 , 59 , 'FALSE' , 7649, 'Mexico');

INSERT INTO Refs_game VALUES
  ('Malia Karpf' , 1 , 'main referee'),
  ('Clarey Nelm' , 2 , 'main referee'),
  ('Harli MacSkeagan' , 2 , 'assistant referee'),
  ('Forester Masdon' , 2 , 'assistant referee'),
  ('Ebba Whichelow' , 2 , 'assistant referee'),
  ('Harli MacSkeagan' , 3 , 'main referee'),
  ('Staci Chaplin' , 3 , 'assistant referee'),
  ('Terza Nafziger' , 5 , 'main referee'),
  ('Hobie Briggdale' , 5 , 'assistant referee'),
  ('Ebba Whichelow' , 6 , 'main referee'),
  ('Elana Dimock' , 8 , 'main referee'),
  ('Myrtia Pelman' , 8 , 'assistant referee'),
  ('Georgeta Morch' , 8 , 'assistant referee'),
  ('Clarey Nelm' , 8 , 'assistant referee'),
  ('Terza Nafziger' , 9 , 'main referee'),
  ('Cherie Shawyers' , 9 , 'assistant referee'),
  ('Cherie Shawyers' , 10 , 'main referee'),
  ('Malia Karpf' , 11 , 'main referee'),
  ('Malena Stare' , 12 , 'main referee'),
  ('Georgeta Morch' , 13 , 'main referee'),
  ('Zaccaria Davidsohn' , 14 , 'main referee'),
  ('Harli MacSkeagan' , 14 , 'assistant referee'),
  ('Brittany Radwell' , 15 , 'main referee'),
  ('Garv Pybus' , 16 , 'main referee'),
  ('Lionel Coslett' , 16 , 'assistant referee'),
  ('Brittany Radwell' , 17 , 'main referee'),
  ('Brittany Radwell' , 17 , 'assistant referee'),
  ('Garv Pybus' , 18 , 'main referee'),
  ('Elana Dimock' , 19 , 'main referee'),
  ('Malena Stare' , 20 , 'main referee'),
  ('Hobie Briggdale' , 21 , 'main referee'),
  ('Cherie Shawyers' , 23 , 'main referee'),
  ('Clarey Nelm' , 24 , 'main referee'),
  ('Forester Masdon' , 24 , 'assistant referee'),
  ('Karna Dienes' , 24 , 'assistant referee'),
  ('Zaccaria Davidsohn' , 25 , 'main referee'),
  ('Karna Dienes' , 25 , 'assistant referee'),
  ('Myrtia Pelman' , 26 , 'main referee'),
  ('Shandra Rivallant' , 27 , 'main referee'),
  ('Shandra Rivallant' , 27 , 'assistant referee'),
  ('Kirsteni Wilshaw' , 27 , 'main referee'),
  ('Staci Chaplin' , 27 , 'assistant referee'),
  ('Lionel Coslett' , 29 , 'main referee'),
  ('Staci Chaplin' , 32 , 'main referee'),
  ('Kirsteni Wilshaw' , 32 , 'assistant referee');
