INSERT INTO Customers(email,password) VALUES

                                          ('drizzello1i@1und1.de','fPL9F96SVFcR'),
                                          ('pmatzke2d@jimdo.com','4Px3iL'),
                                          ('rkrale6c@i2i.jp','VAZDUbZ'),
                                          ('pedscer9g@sun.com','5NKFEBM2pF2'),
                                          ('twegnerat@shop-pro.jp','G0qTWqal9o'),
                                          ('schappelowd7@scientificamerican.com','o1ICWsOb'),
                                          ('tbroadleydh@rambler.ru','BEJdbDQ'),
                                          ('bjellimanfb@globo.com','UAhH1avBa4'),
                                          ('rblatcherfx@sakura.ne.jp','PSWXtbnTJ3L'),
                                          ('scorradinofy@indiegogo.com','WKRUIzItMmjc'),
                                          ('rmorrelh2@ftc.gov','JgySZ2F'),
                                          ('lcossletthm@uiuc.edu','z0QK7nEcJ'),
                                          ('acorsarih@theguardian.com','Rm3gK0jloovp'),
                                          ('mblachfordiv@ask.com','8aXdsI0NuZKO'),
                                          ('bstaningl9@privacy.gov.au','aZwdC0nJggBs'),
                                          ('alelj@ovh.net','AZxTRKd68x'),
                                          ('kyakolevmb@soundcloud.com','xrRkLqq'),
                                          ('cbellin1@hexun.com','9KMqO4B'),
                                          ('tbourgaizene@privacy.gov.au','6wqF3A62FYD'),
                                          ('agreetlandoi@microsoft.com','9dj7et8LxF'),
                                          ('abeddoeok@illinois.edu','5Yeb83HeeWxI'),
                                          ('mrevellepb@nasa.gov','qkCdIov'),
                                          ('mrymourpd@hugedomains.com','RtxfZcyW4'),
                                          ('pdoolanqt@delicious.com','1w50Bow2');

INSERT INTO Stadium_addresses(aid, address, city, province, country)
VALUES

    (4300111278,'30 Haas Terrace','Aulnay-sous-Bois','Île-de-France','South Korea'),
    (3886517047,'1 Continental Trail','Philadelphia','Pennsylvania','Portugal'),
    (4332054679,'22945 Rutledge Place','Marseille','Provence-Alpes-Côte dAzur','Poland'),
    (8688273111,'362 Del Sol Park','La Rochelle','Poitou-Charentes','Democratic Republic of the Congo'),
    (3828333176,'032 Susan Trail','Saint Louis','Missouri','France'),
    (5412898149,'9994 Upham Drive','Progreso','Chihuahua','Brazil'),
    (9620273540,'67 Boyd Road','Laon','Picardie','Bosnia and Herzegovina'),
    (7608900458,'1090 American Road','Helsingborg','Skåne','Indonesia'),
    (3520850591,'74 Erie Park','Kuantan','Pahang','Sweden'),
    (8626512082,'947 Springview Center','Meirinhas','Leiria','Sudan'),
    (7705644088,'56 Badeau Circle','Vagos','Aveiro','Belarus'),
    (0404540384,'4 Montana Place','Oslo','Oslo','Czech Republic'),
    (7486090945,'023 Arizona Crossing','Fovissste','Puebla','China'),
    (0113422091,'83 Di Loreto Parkway','Vales','Viseu','Thailand'),
    (8590006611,'01619 Alpine Pass','Gävle','Gävleborg','Sweden'),
    (3083782373,'40 Melvin Park','Albertville','Rhône-Alpes','Ukraine'),
    (8547928316,'69 Granby Lane','Borlänge','Dalarna','France'),
    (2082244385,'98 Northfield Avenue','Caen','Basse-Normandie','Malaysia'),
    (1179969065,'38581 Thompson Terrace','Lapas','Santarém','Malaysia'),
    (5118418623,'4238 Jenifer Center','Soutelo','Braga','Philippines'),
    (1522078282,'1 Sycamore Trail','Messejana','Beja','United States'),
    (5783659177,'3080 Melrose Way','Guimarei','Porto','Pakistan'),
    (9982780999,'2 Stone Corner Avenue','Ivry-sur-Seine','Île-de-France','Poland'),
    (4415356605,'056 Hanover Avenue','Nantes','Pays de la Loire','China');

INSERT INTO Games_P2(gname, date, time, aid)
VALUES

    ('France vs.Portugal 2023-07-20','2023-07-20','4:04 AM',4300111278),
    ('United States vs.Sweden 2023-07-28','2023-07-28','12:28 AM',3886517047),
    ('France vs.Portugal 2023-06-08','2023-06-08','11:58 PM',4332054679),
    ('France vs.United States 2023-06-28','2023-06-28','11:13 PM',8688273111),
    ('United States vs.Guadeloupe 2023-06-29','2023-06-29','2:27 AM',3828333176),
    ('Mexico vs.Netherlands 2023-06-19','2023-06-19','8:37 AM',5412898149),
    ('France vs.Sweden 2023-08-04','2023-08-04','6:51 PM',9620273540),
    ('Sweden vs.Canada 2023-07-14','2023-07-14','12:11 AM',7608900458),
    ('Malaysia vs.France 2023-08-05','2023-08-05','8:29 PM',3520850591),
    ('Portugal vs.Canada 2023-07-26','2023-07-26','7:59 AM',8626512082),
    ('Portugal vs.France 2023-07-26','2023-07-26','6:53 PM',7705644088),
    ('Norway vs.Sweden 2023-08-01','2023-08-01','12:11 PM',0404540384),
    ('Mexico vs.United States 2023-08-02','2023-08-02','12:39 PM',7486090945),
    ('Portugal vs.Belgium 2023-06-27','2023-06-27','4:19 AM',0113422091),
    ('Sweden vs.Portugal 2023-06-19','2023-06-19','10:54 PM',8590006611),
    ('France vs.Portugal 2023-06-14','2023-06-14','12:26 PM',3083782373),
    ('Sweden vs.Portugal 2023-07-26','2023-07-26','6:05 PM',8547928316),
    ('France vs.Portugal 2023-07-09','2023-07-09','2:52 AM',2082244385),
    ('Portugal vs.Portugal 2023-07-28','2023-07-28','9:45 AM',1179969065),
    ('Portugal vs.France 2023-06-15','2023-06-15','12:22 PM',5118418623),
    ('Portugal vs.France 2023-08-02','2023-08-02','3:53 PM',1522078282),
    ('Portugal vs.United States 2023-07-06','2023-07-06','9:23 PM',5783659177),
    ('France vs.France 2023-06-06','2023-06-06','2:26 AM',9982780999),
    ('France vs.Portugal 2023-07-23','2023-07-23','12:40 PM',4415356605);

INSERT INTO Billing_addresses(aid, address, address2, city, province, country, postal_code, phone, name,email)
VALUES

    (6746341062,'5243 Larry Junction','Suite 39','Carvalheira','Viana do Castelo','China','93616 CEDEX','509-294-0180','Dex Rizzello','drizzello1i@1und1.de'),
    (5020774766,'74 Schiller Plaza','6th Floor','Stockholm','Stockholm','China','19178','215-441-1108','Polly Matzke','pmatzke2d@jimdo.com'),
    (8942316700,'20 Knutson Alley','1st Floor','Ourozinho','Viseu','Panama','13568 CEDEX 02','700-278-9138','Rosalia Krale','rkrale6c@i2i.jp'),
    (2578562717,'779 Sage Junction','Apt 1016','San Diego','California','Russia','17014 CEDEX 1','405-469-9453','Pammy Edscer','pedscer9g@sun.com'),
    (0472356569,'5 Mariners Cove Terrace','PO Box 72457','Jarry','Guadeloupe','China','63150','314-317-6374','Timmy Wegner','twegnerat@shop-pro.jp'),
    (4729991699,'9 Holmberg Road','PO Box 53792','Almere Haven','Provincie Flevoland','United States','31210','507-651-9144','Sabra Chappelow','schappelowd7@scientificamerican.com'),
    (9691448483,'5451 Village Green Junction','Suite 45','Storvreta','Uppsala','United States','02019 CEDEX','493-337-1743','Trumann Broadley','tbroadleydh@rambler.ru'),
    (4434474693,'53727 Golf Plaza','13th Floor','Bancroft','Ontario','Philippines','250 06','244-841-4431','Bekki Jelliman','bjellimanfb@globo.com'),
    (7003214318,'0812 Farmco Crossing','9th Floor','Nîmes','Languedoc-Roussillon','Sweden','25610','847-241-6341','Rubin Blatcher','rblatcherfx@sakura.ne.jp'),
    (8840082042,'39190 East Alley','PO Box 45053','Kitchener','Ontario','Japan','3105-222','366-535-2701','Sheffy Corradino','scorradinofy@indiegogo.com'),
    (7861989852,'0836 Corscot Parkway','Room 1970','Digne-les-Bains','Provence-Alpes-Côte dAzur','France','3840-386','738-156-8193','Reina Morrel','rmorrelh2@ftc.gov'),
    (9668556313,'6 Beilfuss Avenue','Suite 63','Karlskrona','Blekinge','Greece','0487','652-402-5204','Lucina Cosslett','lcossletthm@uiuc.edu'),
    (4549542861,'90198 Maple Wood Crossing','Suite 38','Hamilton','Ohio','Palestinian Territory','75483','919-667-5498','Augustina Corsar','acorsarih@theguardian.com'),
    (2577713592,'3 Golden Leaf Circle','Suite 67','Péruwelz','Wallonie','China','3550-053','681-588-7098','Mona Blachford','mblachfordiv@ask.com'),
    (6622219311,'3 Twin Pines Avenue','PO Box 25803','Souto','Viseu','Russia','801 84','409-606-5792','Bartram Staning','bstaningl9@privacy.gov.au'),
    (4097269747,'373 Granby Circle','Suite 55','Nogueira','Porto','Russia','73209 CEDEX','540-611-8242','Ainslie Le Barr','alelj@ovh.net'),
    (9854835243,'5 Macpherson Center','Apt 1458','Portel','Évora','Albania','781 96','267-816-4418','Kate Yakolev','kyakolevmb@soundcloud.com'),
    (7805051763,'47 Dayton Alley','18th Floor','Taveiro','Coimbra','Peru','14018 CEDEX 2','352-338-9046','Cicely Belli','cbellin1@hexun.com'),
    (1347079793,'4182 Montana Parkway','19th Floor','Rosais','Ilha de São Jorge','Japan','2350-089','489-741-7586','Ted Bourgaize','tbourgaizene@privacy.gov.au'),
    (8714341344,'580 Dunning Street','Suite 62','Caen','Basse-Normandie','Greece','4740-497','301-478-9836','Alia Greetland','agreetlandoi@microsoft.com'),
    (0270074988,'3119 Brickson Park Avenue','Room 1039','Hagondange','Lorraine','Poland','7600-314','937-134-8091','Allis Beddoe','abeddoeok@illinois.edu'),
    (7843605274,'442 Buhler Terrace','Suite 62','Grand Rapids','Michigan','China','4825-171','292-537-3034','Melisse Revelle','mrevellepb@nasa.gov'),
    (4979184340,'50258 Ludington Pass','8th Floor','Oyonnax','Rhône-Alpes','China','94209 CEDEX','121-350-6658','Miles Rymour','mrymourpd@hugedomains.com'),
    (1402957750,'26820 Carey Junction','Room 120','Carregal','Aveiro','Indonesia','44911 CEDEX 9','263-985-7028','Priscilla Doolan','pdoolanqt@delicious.com');


INSERT INTO Credit_cards(c_num, c_type, cvv, expiration_dm, aid, carholder_name)
VALUES

    (30446052427720,'diners-club-carte-blanche',969,'2025-05-13',6746341062,'Dex Rizzello'),
    (3554742673063831,'jcb',231,'2027-06-30',5020774766,'Polly Matzke'),
    (374283000639039,'americanexpress',923,'2025-04-26',8942316700,'Rosalia Krale'),
    (6333581649292323953,'switch',442,'2025-05-02',2578562717,'Pammy Edscer'),
    (3578744754471554,'jcb',545,'2026-12-03',0472356569,'Timmy Wegner'),
    (675973226362366778,'switch',377,'2026-07-02',4729991699,'Sabra Chappelow'),
    (3573194402236089,'jcb',744,'2025-04-15',9691448483,'Trumann Broadley'),
    (3551737730775503,'jcb',368,'2026-08-31',4434474693,'Bekki Jelliman'),
    (3585257477272549,'jcb',116,'2025-06-20',7003214318,'Rubin Blatcher'),
    (5100174579141947,'mastercard',394,'2026-10-20',8840082042,'Sheffy Corradino'),
    (5492441330744251,'diners-club-us-ca',311,'2027-05-07',7861989852,'Reina Morrel'),
    (676246887209371633,'maestro',453,'2025-10-12',9668556313,'Lucina Cosslett'),
    (3564246181368714,'jcb',677,'2025-04-12',4549542861,'Augustina Corsar'),
    (4913246645065613,'visa-electron',539,'2027-07-23',2577713592,'Mona Blachford'),
    (3555235840230010,'jcb',903,'2027-01-21',6622219311,'Bartram Staning'),
    (6334852340138591,'solo',552,'2027-11-25',4097269747,'Ainslie Le Barr'),
    (3559960651268181,'jcb',693,'2027-05-28',9854835243,'Kate Yakolev'),
    (3572476708383405,'jcb',486,'2027-09-29',7805051763,'Cicely Belli'),
    (3542039714408314,'jcb',153,'2027-11-07',1347079793,'Ted Bourgaize'),
    (3567735156038671,'jcb',469,'2026-05-18',8714341344,'Alia Greetland'),
    (5450423967189273,'mastercard',879,'2026-03-26',0270074988,'Allis Beddoe'),
    (3563052316969892,'jcb',240,'2025-04-03',7843605274,'Melisse Revelle'),
    (5602229543029212067,'china-unionpay',236,'2027-03-23',4979184340,'Miles Rymour'),
    (5371507608331074,'mastercard',127,'2025-05-02',1402957750,'Priscilla Doolan');


INSERT INTO tickets(tid,section,row,seat,listed_price,gname)
VALUES
    (0260055778,16,86,40,258,'France vs.Portugal 2023-07-20'),
    (0260055777,16,86,41,258,'France vs.Portugal 2023-07-20'),
    (0260055776,16,86,42,258,'France vs.Portugal 2023-07-20'),
    (0260055775,16,86,43,258,'France vs.Portugal 2023-07-20'),
    (4542653841,23,21,61,384,'United States vs.Sweden 2023-07-28'),
    (4542653842,23,21,62,384,'United States vs.Sweden 2023-07-28'),
    (4542653843,23,21,63,384,'United States vs.Sweden 2023-07-28'),
    (4542653844,23,21,64,384,'United States vs.Sweden 2023-07-28'),
    (4542653845,23,21,66,384,'United States vs.Sweden 2023-07-28'),
    (4124174401,4,85,19,192,'France vs.Portugal 2023-06-08'),
    (4124174402,4,85,20,192,'France vs.Portugal 2023-06-08'),
    (4124174403,4,85,21,192,'France vs.Portugal 2023-06-08'),
    (4124174404,4,85,22,192,'France vs.Portugal 2023-06-08'),
    (4124174405,4,85,23,192,'France vs.Portugal 2023-06-08'),
    (2980181881,13,83,100,279,'France vs.United States 2023-06-28'),
    (2980181882,13,83,101,279,'France vs.United States 2023-06-28'),
    (2980181883,13,83,102,279,'France vs.United States 2023-06-28'),
    (2980181884,13,83,103,279,'France vs.United States 2023-06-28'),
    (2980181885,13,83,104,279,'France vs.United States 2023-06-28'),
    (2980181886,13,83,105,279,'France vs.United States 2023-06-28'),
    (9418364956,22,32,87,203,'United States vs.Guadeloupe 2023-06-29'),
    (9418364957,22,32,88,203,'United States vs.Guadeloupe 2023-06-29'),
    (9418364958,22,32,89,203,'United States vs.Guadeloupe 2023-06-29'),
    (9418364959,22,32,90,203,'United States vs.Guadeloupe 2023-06-29'),
    (0962712736,6,30,91,256,'Mexico vs.Netherlands 2023-06-19'),
    (0962712737,6,30,92,256,'Mexico vs.Netherlands 2023-06-19'),
    (0962712738,6,30,93,256,'Mexico vs.Netherlands 2023-06-19'),
    (0962712739,6,30,94,256,'Mexico vs.Netherlands 2023-06-19'),
    (2699283150,9,1,95,209,'France vs.Sweden 2023-08-04'),
    (2699283151,9,1,96,209,'France vs.Sweden 2023-08-04'),
    (2699283152,9,1,97,209,'France vs.Sweden 2023-08-04'),
    (2699283153,9,1,98,209,'France vs.Sweden 2023-08-04'),
    (7277473280,12,68,90,292,'Sweden vs.Canada 2023-07-14'),
    (1121442528,10,15,42,326,'Malaysia vs.France 2023-08-05'),
    (5498245947,20,37,13,376,'Portugal vs.Canada 2023-07-26'),
    (1878268902,2,18,86,400,'Portugal vs.France 2023-07-26'),
    (7820110910,22,7,90,341,'Norway vs.Sweden 2023-08-01'),
    (8882933717,11,38,99,231,'Mexico vs.United States 2023-08-02'),
    (7073649976,17,19,53,227,'Portugal vs.Belgium 2023-06-27'),
    (8934237848,2,35,36,276,'Sweden vs.Portugal 2023-06-19'),
    (4103915870,23,82,30,323,'France vs.Portugal 2023-06-14'),
    (4741501248,1,98,80,121,'Sweden vs.Portugal 2023-07-26'),
    (5996726130,9,23,19,395,'France vs.Portugal 2023-07-09'),
    (0762250526,5,18,6,161,'Portugal vs.Portugal 2023-07-28'),
    (2333906103,5,78,26,236,'Portugal vs.France 2023-06-15'),
    (7754860783,2,75,33,201,'Portugal vs.France 2023-08-02'),
    (2088301607,16,1,31,328,'Portugal vs.United States 2023-07-06'),
    (4432010738,1,60,61,323,'France vs.France 2023-06-06'),
    (4907455127,18,68,96,252,'France vs.Portugal 2023-07-23'),
    (0360055778,16,86,40,258,'France vs.Portugal 2023-07-20'),
    (0360055777,16,86,41,258,'France vs.Portugal 2023-07-20'),
    (0360055776,16,86,42,258,'France vs.Portugal 2023-07-20'),
    (0360055775,16,86,43,258,'France vs.Portugal 2023-07-20'),
    (4642653841,23,21,61,384,'United States vs.Sweden 2023-07-28'),
    (4642653842,23,21,62,384,'United States vs.Sweden 2023-07-28'),
    (4642653843,23,21,63,384,'United States vs.Sweden 2023-07-28'),
    (4642653844,23,21,64,384,'United States vs.Sweden 2023-07-28'),
    (4642653845,23,21,66,384,'United States vs.Sweden 2023-07-28'),
    (4224174401,4,85,19,192,'France vs.Portugal 2023-06-08'),
    (4224174402,4,85,20,192,'France vs.Portugal 2023-06-08'),
    (4224174403,4,85,21,192,'France vs.Portugal 2023-06-08'),
    (4224174404,4,85,22,192,'France vs.Portugal 2023-06-08'),
    (4224174405,4,85,23,192,'France vs.Portugal 2023-06-08'),
    (2183181881,13,83,100,279,'France vs.United States 2023-06-28'),
    (2183181882,13,83,101,279,'France vs.United States 2023-06-28'),
    (2183181883,13,83,102,279,'France vs.United States 2023-06-28'),
    (2183181884,13,83,103,279,'France vs.United States 2023-06-28'),
    (2183181885,13,83,104,279,'France vs.United States 2023-06-28'),
    (2183181886,13,83,105,279,'France vs.United States 2023-06-28'),
    (9128364956,22,32,87,203,'United States vs.Guadeloupe 2023-06-29'),
    (9128364957,22,32,88,203,'United States vs.Guadeloupe 2023-06-29'),
    (9128364958,22,32,89,203,'United States vs.Guadeloupe 2023-06-29'),
    (9128364959,22,32,90,203,'United States vs.Guadeloupe 2023-06-29'),
    (1963712736,6,30,91,256,'Mexico vs.Netherlands 2023-06-19'),
    (1963712737,6,30,92,256,'Mexico vs.Netherlands 2023-06-19'),
    (1963712738,6,30,93,256,'Mexico vs.Netherlands 2023-06-19'),
    (1963712739,6,30,94,256,'Mexico vs.Netherlands 2023-06-19'),
    (3693283150,9,1,95,209,'France vs.Sweden 2023-08-04'),
    (3693283151,9,1,96,209,'France vs.Sweden 2023-08-04'),
    (3693283152,9,1,97,209,'France vs.Sweden 2023-08-04'),
    (3693283153,9,1,98,209,'France vs.Sweden 2023-08-04'),
    (4273473280,12,68,90,292,'Sweden vs.Canada 2023-07-14'),
    (4121442528,10,15,42,326,'Malaysia vs.France 2023-08-05'),
    (3491245947,20,37,13,376,'Portugal vs.Canada 2023-07-26'),
    (2871268902,2,18,86,400,'Portugal vs.France 2023-07-26'),
    (3823110910,22,7,90,341,'Norway vs.Sweden 2023-08-01'),
    (4883933717,11,38,99,231,'Mexico vs.United States 2023-08-02'),
    (5088649976,17,19,53,227,'Portugal vs.Belgium 2023-06-27'),
    (4933237848,2,35,36,276,'Sweden vs.Portugal 2023-06-19'),
    (5103915870,23,82,30,323,'France vs.Portugal 2023-06-14'),
    (5743501248,1,98,80,121,'Sweden vs.Portugal 2023-07-26'),
    (6993726130,9,23,19,395,'France vs.Portugal 2023-07-09'),
    (7763250526,5,18,6,161,'Portugal vs.Portugal 2023-07-28'),
    (8339906103,5,78,26,236,'Portugal vs.France 2023-06-15'),
    (9754860783,2,75,33,201,'Portugal vs.France 2023-08-02'),
    (3080301607,16,1,31,328,'Portugal vs.United States 2023-07-06'),
    (1435010738,1,60,61,323,'France vs.France 2023-06-06'),
    (1905455127,18,68,96,252,'France vs.Portugal 2023-07-23');

