-- Include your INSERT SQL statements in this file.
-- Make sure to terminate each statement with a semicolon (;)

-- LEAVE this statement on. It is required to connect to your database.
CONNECT TO cs421;

-- Remember to put the INSERT statements for the tables with foreign key references
--    ONLY AFTER the parent tables!

-- This is only an example of how you add INSERT statements to this file.
--   You may remove it.

-- INSERT INTO MYTEST01 (id, value) VALUES(4, 1300);
-- A more complex syntax that saves you typing effort.
-- INSERT INTO MYTEST01 (id, value) VALUES
-- (7, 5144)
-- ,(3, 73423)
-- ,(6, -1222)
-- ;
-- */

-- /* PART 1 */

INSERT INTO Teams VALUES
                      ('Argentina' , 'Argentine Football Association' , 'https://www.afa.com.ar/' , 'C'),
                      ('Australia' , 'Football Australia' , 'https://en.wikipedia.org/wiki/Australia_men%27s_national_soccer_team' , 'D'),
                      ('Belgium' , 'FIFA' , 'https://en.wikipedia.org/wiki/Belgium_national_football_team' , 'F'),
                      ('Brazil' , 'Brazilian Football Confederation' , 'https://www.cob.org.br/en/confederacoes/CBF' , 'G'),
                      ('Cameroon' , 'Fédération Camerounaise de Football' , 'https://en.wikipedia.org/wiki/Cameroon_national_football_team' , 'G'),
                      ('Canada' , 'Canada Soccer' , 'https://canadasoccer.com/' , 'F'),
                      ('Costa Rica' , 'FEDEFUTBOL' , 'https://en.wikipedia.org/wiki/Costa_Rica_national_football_team' , 'E'),
                      ('Croatia' , 'Croatian Football Federation ' , 'https://en.wikipedia.org/wiki/Croatia_women%27s_national_football_team' , 'F'),
                      ('Denmark' , 'Danish Football Association (DBU)' , 'https://en.wikipedia.org/wiki/Denmark_national_football_team' , 'D'),
                      ('Ecuador' , ' Ecuadorian Football Federation' , 'https://en.wikipedia.org/wiki/Ecuador_national_football_team' , 'A'),
                      ('England' , 'FA' , 'https://www.englandfootball.com/' , 'B'),
                      ('France' , 'FFF' , 'https://uk.fff.fr/' , 'D'),
                      ('Germany' , 'Deutscher Fußball-Bund' , 'https://en.wikipedia.org/wiki/Germany_national_football_team' , 'E'),
                      ('Ghana' , 'Ghana Football Association (GFA)' , 'https://en.wikipedia.org/wiki/Ghana_national_football_team' , 'H'),
                      ('Iran' , 'Football Federation Islamic Republic of Iran ' , 'https://en.wikipedia.org/wiki/Iran_national_football_team' , 'B'),
                      ('Japan' , 'サッカー日本代表' , 'https://en.wikipedia.org/wiki/Japan_national_football_team' , 'E'),
                      ('Mexico' , 'Mexican Football Federation' , 'https://fmf.mx/' , 'C'),
                      ('Morocco' , 'FRMF.' , 'https://en.wikipedia.org/wiki/Morocco_national_football_team' , 'F'),
                      ('Netherlands' , 'KNVB' , 'https://en.wikipedia.org/wiki/Netherlands_national_football_team' , 'A'),
                      ('Poland' , 'PZPN' , 'https://en.wikipedia.org/wiki/Poland_national_football_team' , 'C'),
                      ('Portugal' , 'FPF' , 'https://en.wikipedia.org/wiki/Portugal_national_football_team' , 'H'),
                      ('Qatar' , 'Qatar' , 'https://en.wikipedia.org/wiki/Qatar_national_football_team' , 'A'),
                      ('Saudi Arabia' , 'المنتخب الْعَرَبِي السُّعُودِيّ لِكُرَّةُ الْقَدَم' , 'https://en.wikipedia.org/wiki/Saudi_Arabia_national_football_team' , 'C'),
                      ('Senegal' , 'Senegalese Football Federation' , 'https://en.wikipedia.org/wiki/Senegal_national_football_team' , 'A'),
                      ('Serbia' , 'Football Association of Serbia' , 'https://en.wikipedia.org/wiki/Serbia_national_football_team' , 'G'),
                      ('South Korea' , 'Korea Football Association' , 'https://en.wikipedia.org/wiki/South_Korea_national_football_team' , 'H'),
                      ('Spain' , 'Royal Spanish Football Federation' , 'https://en.wikipedia.org/wiki/Spain_national_football_team' , 'E'),
                      ('Switzerland' , 'the Swiss Football Association.' , 'https://en.wikipedia.org/wiki/Switzerland_national_football_team' , 'G'),
                      ('Tunisia' , 'منتخب تُونُس لِكُرَّةُ الْقَدَم' , 'https://en.wikipedia.org/wiki/Tunisia_national_football_team' , 'D'),
                      ('Uruguay' , 'Uruguayan Football Association' , 'https://www.auf.org.uy/' , 'H'),
                      ('United States' , 'US Soccer' , 'https://www.ussoccer.com/' , 'B'),
                      ('Wales' , 'Wales' , 'https://en.wikipedia.org/wiki/Wales_national_football_team' , 'B')
;

INSERT INTO Players VALUES
                        ('France' , 37160 , 'Rosalynd Spours' , 'Goalie' , '1991-04-14'),
                        ('Brazil' , 54286 , 'Friederike Bolan' , 'Right Fullback' , '1999-05-16'),
                        ('Brazil' , 779 , 'Tobin De Francesco' , 'Left Fullback' , '1994-01-02'),
                        ('Portugal' , 30 , 'Test Test' , 'Center Back' , '1999-01-19'),
                        ('Germany' , 837 , 'Ingrim Bassick' , 'Center Back' , '1981-07-01'),
                        ('Poland' , 69555 , 'Test Test' , 'Defending' , '1980-11-22'),
                        ('Brazil' , 9431 , 'Sande Bridge' , 'Right Midfielder' , '1992-01-23'),
                        ('Portugal' , 74 , 'Test Test' , 'Center Midfielder' , '1990-10-04'),
                        ('Portugal' , 80370 , 'Torin Lissandre' , 'Center Forward' , '1994-08-27'),
                        ('United States' , 8778 , 'Test Test' , 'Attacking Midfielder' , '2000-10-03'),
                        ('Mexico' , 7649 , 'Addy Domingues' , 'Left Midfielder' , '1994-07-26'),
                        ('Uruguay' , 5 , 'Alistair Scrafton' , 'Goalie' , '1992-03-22'),
                        ('Brazil' , 21 , 'Nelli Shorten' , 'Right Fullback' , '1985-09-13'),
                        ('Tunisia' , 90 , 'Test Test' , 'Left Fullback' , '1989-06-15'),
                        ('Portugal' , 81494 , 'Brooks Ankers' , 'Center Back' , '1996-01-22'),
                        ('Brazil' , 4 , 'Karlens Corrao' , 'Center Back' , '1994-02-08'),
                        ('Denmark' , 26 , 'Cheryl Biasetti' , 'Defending' , '1997-07-02'),
                        ('Iran' , 5359 , 'Pen Philcott' , 'Right Midfielder' , '1991-06-17'),
                        ('Germany' , 8 , 'Noell Killerby' , 'Center Midfielder' , '1995-02-16'),
                        ('Poland' , 3 , 'Tommie Tethacot' , 'Center Forward' , '2002-03-01'),
                        ('Brazil' , 62 , 'Delano Toohey' , 'Attacking Midfielder' , '2003-06-10'),
                        ('Brazil' , 3 , 'Bordie Lamberti' , 'Left Midfielder' , '1988-07-19'),
                        ('Japan' , 5688 , 'Baldwin Gianni' , 'Goalie' , '1999-11-04'),
                        ('France' , 673 , 'Jolynn Abdon' , 'Right Fullback' , '1992-05-06'),
                        ('Portugal' , 68 , 'Oralee McElree' , 'Left Fullback' , '1980-12-10'),
                        ('United States' , 4 , 'Tito Dawidman' , 'Center Back' , '1976-04-12'),
                        ('Japan' , 2846 , 'Fleming Oldale' , 'Center Back' , '1990-09-09'),
                        ('Morocco' , 2471 , 'Germayne Kiln' , 'Defending' , '1988-05-31'),
                        ('Argentina' , 94336 , 'Austin Brabbins' , 'Right Midfielder' , '1981-01-28'),
                        ('Japan' , 421 , 'Aile Tigwell' , 'Center Midfielder' , '1996-10-12'),
                        ('United States' , 53134 , 'Netti Hellwich' , 'Center Forward' , '1987-07-06'),
                        ('Poland' , 87582 , 'Liesa Ilyuchyov' , 'Attacking Midfielder' , '1997-08-14'),
                        ('United States' , 7 , 'Allison Meadley' , 'Left Midfielder' , '1981-02-09'),
                        ('Argentina' , 4717 , 'Barr Luggar' , 'Goalie' , '1991-02-02'),
                        ('Mexico' , 2854 , 'Cybill McNae' , 'Right Fullback' , '1997-04-26'),
                        ('Ecuador' , 779 , 'Allison Meadley' , 'Left Fullback' , '1978-03-15'),
                        ('Croatia' , 953 , 'Loren Whyffen' , 'Center Back' , '1994-11-22'),
                        ('United States' , 2190 , 'Abner Tilne' , 'Center Back' , '2004-12-01'),
                        ('Germany' , 23050 , 'Lezley Strettell' , 'Defending' , '1977-09-01'),
                        ('Morocco' , 9366 , 'Nicko Abrehart' , 'Right Midfielder' , '1994-03-16'),
                        ('Argentina' , 2446 , 'Isadora Scambler' , 'Center Midfielder' , '1990-01-29'),
                        ('France' , 58 , 'Norri Walsham' , 'Center Forward' , '1993-03-01'),
                        ('Portugal' , 1564 , 'Merola Mayes' , 'Attacking Midfielder' , '1978-02-26'),
                        ('United States' , 2972 , 'Dallas Gittus' , 'Left Midfielder' , '1987-11-16'),
                        ('France' , 29 , 'Lorelei Booler' , 'Goalie' , '1977-04-09'),
                        ('France' , 30384 , 'Tonie Warricker' , 'Right Fullback' , '2002-01-29'),
                        ('Canada' , 238 , 'Tess Zecchinii' , 'Left Fullback' , '1986-12-05'),
                        ('Netherlands' , 31 , 'Berny Simmank' , 'Center Back' , '2000-07-13'),
                        ('Brazil' , 8171 , 'Karoly Rentz' , 'Center Back' , '1982-06-04'),
                        ('Canada' , 12 , 'Christine Sinclair' , 'Defending' , '1988-05-22')
;

INSERT INTO Coaches VALUES
                        ('Poland' , 'Zeke De Moreno' , '1988-11-25' , 'head'),
                        ('Brazil' , 'Lyman Cicullo' , '1987-03-06' , 'assistant'),
                        ('Canada' , 'Joelly Richens' , '1982-06-06' , 'head'),
                        ('Poland' , 'Rycca Pennaman' , '1984-07-01' , 'assistant'),
                        ('Brazil' , 'Martyn Thring' , '1998-10-23' , 'head'),
                        ('Brazil' , 'Bentlee Antczak' , '1995-02-02' , 'assistant'),
                        ('France' , 'Kaylil Acomb' , '1999-04-03' , 'head'),
                        ('Argentina' , 'Binni Gudyer' , '1988-04-29' , 'assistant'),
                        ('Poland' , 'Kalvin Pratten' , '1990-03-23' , 'head'),
                        ('Brazil' , 'Kirby Pallister' , '1999-12-13' , 'assistant'),
                        ('Brazil' , 'Shayne Poulsom' , '1992-04-04' , 'head'),
                        ('France' , 'Doralyn Novotne' , '1986-07-06' , 'assistant'),
                        ('Iran' , 'Fulvia Node' , '1982-04-25' , 'head'),
                        ('Brazil' , 'Hollie Muglestone' , '1980-10-08' , 'assistant'),
                        ('Argentina' , 'Adiana Byers' , '1977-05-12' , 'head'),
                        ('Portugal' , 'Zeb Baynam' , '1982-07-25' , 'assistant'),
                        ('Japan' , 'Hertha Fallens' , '1984-05-22' , 'head'),
                        ('Brazil' , 'Gav Jex' , '1993-04-28' , 'assistant'),
                        ('Argentina' , 'Allis Berrycloth' , '1993-05-15' , 'head'),
                        ('Portugal' , 'Nataniel Childs' , '1993-05-05' , 'assistant')
;

INSERT INTO Referees VALUES
                         ('Clarey Nelm' , 1 , 'Brazil'),
                         ('Staci Chaplin' , 2 , 'Uruguay'),
                         ('Harli MacSkeagan' , 3 , 'Portugal'),
                         ('Brittany Radwell' , 4 , 'Spain'),
                         ('Cherie Shawyers' , 12 , 'Croatia'),
                         ('Malia Karpf' , 6 , 'Australia'),
                         ('Zaccaria Davidsohn' , 7 , 'Saudi Arabia'),
                         ('Forester Masdon' , 8 , 'Tunisia'),
                         ('Garv Pybus' , 9 , 'Poland'),
                         ('Elana Dimock' , 10 , 'France'),
                         ('Terza Nafziger' , 11 , 'Brazil'),
                         ('Lionel Coslett' , 23 , 'Mexico'),
                         ('Myrtia Pelman' , 13 , 'Portugal'),
                         ('Georgeta Morch' , 14 , 'Mexico'),
                         ('Karna Dienes' , 15 , 'Portugal'),
                         ('Hobie Briggdale' , 12 , 'Canada'),
                         ('Ebba Whichelow' , 17 , 'France'),
                         ('Shandra Rivallant' , 18 , 'Spain'),
                         ('Kirsteni Wilshaw' , 19 , 'Poland'),
                         ('Malena Stare' , 20 , 'Portugal');

INSERT INTO Stadiums VALUES
                         ('Molson Stadium' , 'Yanling' , 2149),
                         ('McConnell Arena' , 'Rawaglagah' , 16039),
                         ('Rutherford Park' , 'Erpeldange' , 8855),
                         ('Forbes Field' , 'Curahpacul Satu' , 61592),
                         ('Tomlinson Fieldhouse' , 'Dalong' , 14613),
                         ('Lower Field' , 'Ōno-hara' , 23451),
                         ('Leacock 132' , 'Caacupé' , 6492),
                         ('Mont Royal' , 'Xiaji' , 62421),
                         ('Bell Centre' , 'Vakhtan' , 70219),
                         ('McGill Gym' , 'Chengjiang' , 18555);

INSERT INTO Games VALUES
                      (1 , '2022-05-11' , '03:06:00' , '01:46:00' , 1, 'Molson Stadium', 'Mexico', 'Japan'),
                      (2 , '2023-02-16' , '07:46:00' , '01:41:00' , 2, 'McConnell Arena', 'Tunisia', 'Mexico'),
                      (3 , '2022-09-07' , '16:16:00' , '01:56:00' , 3, 'Rutherford Park', 'Japan', 'United States'),
                      (4 , '2022-09-23' , '02:54:00' , '01:52:00' , 4, 'Forbes Field', 'France', 'Iran'),
                      (5 , '2022-09-20' , '14:57:00' , '01:45:00' , 5, 'Tomlinson Fieldhouse', 'Mexico', 'Portugal'),
                      (6 , '2022-11-09' , '15:02:00' , '01:57:00' , 6, 'Lower Field', 'Ecuador', 'Brazil'),
                      (7 , '2022-12-07' , '19:23:00' , '01:38:00' , 1, 'Leacock 132', 'Poland', 'Portugal'),
                      (8 , '2022-07-09' , '12:11:00' , '01:49:00' , 2, 'Mont Royal', 'Japan', 'South Korea'),
                      (9 , '2022-04-17' , '13:19:00' , '01:58:00' , 3, 'Bell Centre', 'France', 'Poland'),
                      (10 , '2022-10-29' , '11:12:00' , '01:43:00' , 4, 'Molson Stadium', 'Netherlands', 'France'),
                      (11 , '2022-04-27' , '04:54:00' , '01:39:00' , 5, 'McConnell Arena', 'Poland', 'Brazil'),
                      (12 , '2022-03-22' , '22:41:00' , '01:41:00' , 6, 'Rutherford Park', 'Iran', 'Croatia'),
                      (13 , '2022-08-28' , '03:36:00' , '01:57:00' , 7, 'Forbes Field', 'Brazil', 'Poland'),
                      (14 , '2022-07-08' , '04:59:00' , '01:49:00' , 8, 'Tomlinson Fieldhouse', 'Portugal', 'Costa Rica'),
                      (15 , '2022-05-31' , '04:08:00' , '01:52:00' , 1, 'Lower Field', 'Brazil', 'Japan'),
                      (16 , '2022-06-01' , '07:01:00' , '01:44:00' , 2, 'Leacock 132', 'Brazil', 'Poland'),
                      (17 , '2022-06-01' , '21:43:00' , '01:42:00' , 3, 'Mont Royal', 'Poland', 'England'),
                      (18 , '2022-11-02' , '22:32:00' , '01:44:00' , 4, 'Bell Centre', 'Iran', 'Poland'),
                      (19 , '2022-04-25' , '19:09:00' , '01:37:00' , 5, 'Molson Stadium', 'United States', 'Brazil'),
                      (20 , '2022-02-16' , '04:34:00' , '01:47:00' , 6, 'McConnell Arena', 'Portugal', 'Poland'),
                      (21 , '2022-10-27' , '05:04:00' , '01:51:00' , 1, 'Rutherford Park', 'Portugal', 'United States'),
                      (22 , '2022-03-14' , '13:54:00' , '01:35:00' , 2, 'Forbes Field', 'Poland', 'Brazil'),
                      (23 , '2023-01-01' , '20:41:00' , '01:37:00' , 3, 'Tomlinson Fieldhouse', 'Poland', 'England'),
                      (24 , '2022-01-30' , '19:32:00' , '01:36:00' , 4, 'Lower Field', 'Croatia', 'Belgium'),
                      (25 , '2022-07-02' , '08:31:00' , '01:53:00' , 5, 'Leacock 132', 'Portugal', 'Costa Rica'),
                      (26 , '2022-07-07' , '07:40:00' , '01:55:00' , 6, 'Mont Royal', 'United States', 'Portugal'),
                      (27 , '2022-12-23' , '14:33:00' , '01:58:00' , 1, 'Bell Centre', 'Japan', 'France'),
                      (28 , '2022-05-28' , '22:36:00' , '01:52:00' , 2, 'Molson Stadium', 'Poland', 'Brazil'),
                      (29 , '2022-08-27' , '23:43:00' , '01:43:00' , 3, 'McConnell Arena', 'Spain', 'Canada'),
                      (30 , '2022-04-28' , '05:43:00' , '01:43:00' , 4, 'Rutherford Park', 'Portugal', 'Canada'),
                      (31 , '2022-05-21' , '15:05:00' , '01:56:00' , 5, 'Forbes Field', 'Brazil', 'Wales'),
                      (32 , '2023-01-18' , '21:39:00' , '01:41:00' , 6, 'Tomlinson Fieldhouse', 'Mexico', 'United States');

INSERT INTO Goals VALUES
                      (1 , 1 , 52 , 'FALSE' , 7649, 'Mexico'),
                      (1 , 2 , 41 , 'FALSE' , 5688, 'Japan'),
                      (1 , 3 , 89 , 'FALSE' , 7649, 'Mexico'),
                      (1 , 4 , 44 , 'FALSE' , 5688, 'Japan'),
                      (2 , 1 , 6 , 'TRUE' , 90, 'Tunisia'),
                      (2 , 2 , 44 , 'FALSE' , 7649, 'Mexico'),
                      (2 , 3 , 23 , 'FALSE' , 90, 'Tunisia'),
                      (3 , 1 , 6 , 'FALSE' , 5688, 'Japan'),
                      (4 , 1 , 58 , 'TRUE' , 37160, 'France'),
                      (4 , 2 , 33 , 'FALSE' , 37160, 'France'),
                      (4 , 3 , 78 , 'FALSE' , 5359, 'Iran'),
                      (5 , 1 , 44 , 'FALSE' , 30, 'Portugal'),
                      (6 , 1 , 78 , 'TRUE' , 779, 'Ecuador'),
                      (6 , 2 , 38 , 'TRUE' , 779, 'Ecuador'),
                      (6 , 3 , 14 , 'TRUE' , 779, 'Ecuador'),
                      (7 , 1 , 9 , 'FALSE' , 69555, 'Poland'),
                      (7 , 2 , 38 , 'FALSE' , 30, 'Portugal'),
                      (7 , 3 , 85 , 'FALSE' , 30, 'Portugal'),
                      (7 , 4 , 40 , 'TRUE' , 69555, 'Poland'),
                      (7 , 5 , 38 , 'FALSE' , 69555, 'Poland'),
                      (7 , 6 , 74 , 'FALSE' , 69555, 'Poland'),
                      (7 , 7 , 77 , 'FALSE' , 5688, 'Japan'),
                      (8 , 1 , 77 , 'TRUE' , 5688, 'Japan'),
                      (8 , 2 , 89 , 'FALSE' , 5688, 'Japan'),
                      (9 , 1 , 4 , 'FALSE' , 69555, 'Poland'),
                      (10 , 1 , 53 , 'FALSE' , 31, 'Netherlands'),
                      (12 , 1 , 23 , 'FALSE' , 5359, 'Iran'),
                      (13 , 1 , 5 , 'FALSE' , 54286, 'Brazil'),
                      (14 , 1 , 60 , 'FALSE' , 30, 'Portugal'),
                      (14 , 2 , 1 , 'FALSE' , 30, 'Portugal'),
                      (15 , 1 , 38 , 'TRUE' , 5688, 'Japan'),
                      (15 , 2 , 84 , 'FALSE' , 54286, 'Brazil'),
                      (16 , 1 , 38 , 'FALSE' , 54286, 'Brazil'),
                      (16 , 2 , 13 , 'FALSE' , 54286, 'Brazil'),
                      (16 , 3 , 62 , 'TRUE' , 54286, 'Brazil'),
                      (16 , 4 , 82 , 'TRUE' , 54286, 'Brazil'),
                      (16 , 5 , 11 , 'FALSE' , 69555, 'Poland'),
                      (17 , 1 , 28 , 'FALSE' , 69555, 'Poland'),
                      (17 , 2 , 72 , 'FALSE' , 69555, 'Poland'),
                      (19 , 1 , 60 , 'FALSE' , 8778, 'United States'),
                      (20 , 1 , 64 , 'FALSE' , 30, 'Portugal'),
                      (21 , 1 , 52 , 'TRUE' , 8778, 'United States'),
                      (21 , 2 , 79 , 'FALSE' , 30, 'Portugal'),
                      (22 , 1 , 78 , 'FALSE' , 54286, 'Brazil'),
                      (22 , 2 , 54 , 'FALSE' , 54286, 'Brazil'),
                      (22 , 3 , 4 , 'FALSE' , 69555, 'Poland'),
                      (22 , 4 , 15 , 'TRUE' , 69555, 'Poland'),
                      (23 , 1 , 75 , 'FALSE' , 69555, 'Poland'),
                      (23 , 2 , 66 , 'FALSE' , 69555, 'Poland'),
                      (23 , 3 , 61 , 'FALSE' , 69555, 'Poland'),
                      (23 , 4 , 13 , 'FALSE' , 69555, 'Poland'),
                      (24 , 1 , 75 , 'FALSE' , 953, 'Croatia'),
                      (24 , 2 , 49 , 'FALSE' , 953, 'Croatia'),
                      (25 , 1 , 26 , 'TRUE' , 30, 'Portugal'),
                      (25 , 2 , 76 , 'FALSE' , 30, 'Portugal'),
                      (26 , 1 , 15 , 'FALSE' , 8778, 'United States'),
                      (26 , 2 , 33 , 'FALSE' , 30, 'Portugal'),
                      (26 , 3 , 57 , 'FALSE' , 8778, 'United States'),
                      (27 , 1 , 5 , 'FALSE' , 5688, 'Japan'),
                      (27 , 2 , 55 , 'FALSE' , 5688, 'Japan'),
                      (28 , 1 , 60 , 'FALSE' , 69555, 'Poland'),
                      (28 , 2 , 64 , 'FALSE' , 54286, 'Brazil'),
                      (28 , 3 , 2 , 'TRUE' , 69555, 'Poland'),
                      (28 , 4 , 62 , 'FALSE' , 69555, 'Poland'),
                      (29 , 1 , 70 , 'FALSE' , 238, 'Canada'),
                      (29 , 2 , 2 , 'FALSE' , 12, 'Canada'),
                      (29 , 3 , 76 , 'FALSE' , 12, 'Canada'),
                      (29 , 4 , 20 , 'FALSE' , 238, 'Canada'),
                      (30 , 1 , 7 , 'FALSE' , 30, 'Portugal'),
                      (30 , 2 , 48 , 'FALSE' , 12, 'Canada'),
                      (31 , 1 , 66 , 'FALSE' , 54286, 'Brazil'),
                      (31 , 2 , 13 , 'FALSE' , 54286, 'Brazil'),
                      (31 , 3 , 76 , 'FALSE' , 54286, 'Brazil'),
                      (31 , 4 , 9 , 'FALSE' , 54286, 'Brazil'),
                      (32 , 1 , 59 , 'FALSE' , 7649, 'Mexico');

INSERT INTO Refs_game VALUES
                          ('Malia Karpf', 1, 'main referee'),
                          ('Clarey Nelm', 2, 'main referee'),
                          ('Harli MacSkeagan', 2, 'assistant referee'),
                          ('Forester Masdon', 2, 'assistant referee'),
                          ('Ebba Whichelow', 2, 'assistant referee'),
                          ('Harli MacSkeagan', 3, 'main referee'),
                          ('Staci Chaplin', 3, 'assistant referee'),
                          ('Terza Nafziger', 5, 'main referee'),
                          ('Hobie Briggdale', 5, 'assistant referee'),
                          ('Ebba Whichelow', 6, 'main referee'),
                          ('Elana Dimock', 8, 'main referee'),
                          ('Myrtia Pelman', 8, 'assistant referee'),
                          ('Georgeta Morch', 8, 'assistant referee'),
                          ('Clarey Nelm', 8, 'assistant referee'),
                          ('Terza Nafziger', 9, 'main referee'),
                          ('Cherie Shawyers', 9, 'assistant referee'),
                          ('Cherie Shawyers', 10, 'main referee'),
                          ('Malia Karpf', 11, 'main referee'),
                          ('Malena Stare', 12, 'main referee'),
                          ('Georgeta Morch', 13, 'main referee'),
                          ('Zaccaria Davidsohn', 14, 'main referee'),
                          ('Harli MacSkeagan', 14, 'assistant referee'),
                          ('Brittany Radwell', 15, 'main referee'),
                          ('Garv Pybus', 16, 'main referee'),
                          ('Lionel Coslett', 16, 'assistant referee'),
                          ('Brittany Radwell', 17, 'main referee'),
                          ('Malena Stare', 17, 'assistant referee'),
                          ('Garv Pybus', 18, 'main referee'),
                          ('Elana Dimock', 19, 'main referee'),
                          ('Malena Stare', 20, 'main referee'),
                          ('Hobie Briggdale', 21, 'main referee'),
                          ('Cherie Shawyers', 23, 'main referee'),
                          ('Clarey Nelm', 24, 'main referee'),
                          ('Forester Masdon', 24, 'assistant referee'),
                          ('Karna Dienes', 24, 'assistant referee'),
                          ('Zaccaria Davidsohn', 25, 'main referee'),
                          ('Karna Dienes', 25, 'assistant referee'),
                          ('Myrtia Pelman', 26, 'main referee'),
                          ('Shandra Rivallant', 27, 'main referee'),
                          ('Elana Dimock', 27, 'assistant referee'),
                          ('Kirsteni Wilshaw', 27, 'main referee'),
                          ('Staci Chaplin', 27, 'assistant referee'),
                          ('Lionel Coslett', 29, 'main referee'),
                          ('Staci Chaplin', 32, 'main referee'),
                          ('Kirsteni Wilshaw', 32, 'assistant referee');

INSERT INTO Performs VALUES
                         ('Japan', 5688, 1, '00:50:03', '01:02:39', 'Goalie', 1, 1),
                         ('Japan', 2846, 1, '00:23:54', '00:26:48', 'Center Back', 1, 2),
                         ('Mexico', 7649, 1, '00:31:45', '01:19:38', 'Left Midfielder', 0, 0),
                         ('Mexico', 2854, 2, '00:08:15', '00:52:47', 'Right Fullback', 0, 4),
                         ('Mexico', 7649, 2, '00:06:56', '01:29:43', 'Left Midfielder', 0, 4),
                         ('Tunisia', 90, 2, '00:39:24', '00:50:34', 'Left Fullback', 0, 5),
                         ('Japan', 5688, 3, '01:12:30', '01:27:22', 'Goalie', 0, 4),
                         ('United States', 8778, 3, '00:15:09', '01:15:04', 'Attacking Midfielder', 1, 3),
                         ('France', 37160, 4, '00:47:47', '00:50:59', 'Goalie', 1, 2),
                         ('Iran', 5359, 4, '00:52:13', '01:07:07', 'Right Midfielder', 0, 5),
                         ('Mexico', 7649, 5, '00:36:13', '01:22:00', 'Left Midfielder', 0, 0),
                         ('Mexico', 2854, 5, '00:53:22', '01:12:11', 'Right Fullback', 0, 4),
                         ('Portugal', 30, 5, '00:25:20', '00:33:02', 'Center Back', 0, 2),
                         ('Portugal', 68, 5, '00:08:51', '00:43:34', 'Left Fullback', 1, 4),
                         ('Ecuador', 779, 6, '00:02:28', '00:33:51', 'Left Fullback', 0, 0),
                         ('Brazil', 54286, 6, '00:51:00', '00:51:17', 'Right Fullback', 0, 4),
                         ('Brazil', 4, 6, '00:08:37', '00:44:34', 'Center Back', 1, 1),
                         ('Poland', 69555, 7, '00:19:59', '00:53:27', 'Defending', 0, 4),
                         ('Poland', 87582, 7, '00:12:13', '00:44:45', 'Attacking Midfielder', 0, 4),
                         ('Japan', 5688, 8, '00:38:42', '00:48:52', 'Goalie', 0, 2),
                         ('Japan', 2846, 8, '00:20:49', '00:33:18', 'Center Back', 0, 3),
                         ('France', 37160, 9, '00:42:57', '00:58:15', 'Goalie', 0, 3),
                         ('France', 58, 9, '01:11:12', '01:22:03', 'Center Forward', 1, 4),
                         ('Poland', 69555, 9, '00:01:14', '00:24:07', 'Defending', 0, 2),
                         ('Poland', 87582, 9, '00:50:20', '00:51:32', 'Attacking Midfielder', 1, 2),
                         ('France', 37160, 10, '00:25:42', '00:40:30', 'Goalie', 1, 5),
                         ('France', 30384, 10, '01:11:39', '01:16:00', 'Right Fullback', 1, 2),
                         ('France', 673, 10, '00:24:47', '00:40:55', 'Right Fullback', 0, 5),
                         ('France', 58, 10, '00:20:19', '01:07:58', 'Center Forward', 0, 1),
                         ('Netherlands', 31, 10, '00:58:57', '01:24:51', 'Center Back', 1, 0),
                         ('Brazil', 54286, 11, '00:25:03', '01:10:41', 'Right Fullback', 0, 5),
                         ('Brazil', 4, 11, '00:01:12', '00:05:06', 'Center Back', 0, 5),
                         ('Poland', 3, 11, '00:38:50', '01:19:51', 'Center Forward', 0, 2),
                         ('Poland', 69555, 11, '00:13:07', '00:20:14', 'Defending', 1, 5),
                         ('Poland', 87582, 11, '00:45:12', '00:51:55', 'Attacking Midfielder', 0, 4),
                         ('Croatia', 953, 12, '00:06:55', '01:11:15', 'Center Back', 0, 1),
                         ('Iran', 5359, 12, '00:15:47', '00:46:36', 'Right Midfielder', 0, 2),
                         ('Brazil', 62, 13, '00:28:46', '00:54:47', 'Attacking Midfielder', 0, 3),
                         ('Brazil', 54286, 13, '00:30:34', '00:44:27', 'Right Fullback', 1, 4),
                         ('Brazil', 3, 13, '00:11:43', '01:03:10', 'Left Midfielder', 1, 5),
                         ('Poland', 69555, 13, '00:13:27', '01:26:41', 'Defending', 0, 1),
                         ('Portugal', 30, 14, '00:08:17', '01:20:58', 'Center Back', 0, 4),
                         ('Portugal', 68, 14, '00:30:13', '01:14:30', 'Left Fullback', 0, 0),
                         ('Portugal', 1564, 14, '00:20:17', '01:05:38', 'Attacking Midfielder', 0, 3),
                         ('Brazil', 54286, 15, '00:11:57', '00:39:15', 'Right Fullback', 0, 1),
                         ('Japan', 5688, 15, '00:58:41', '01:05:01', 'Goalie', 1, 4),
                         ('Poland', 69555, 16, '00:16:06', '00:44:55', 'Defending', 1, 0),
                         ('Poland', 87582, 16, '00:03:31', '01:08:58', 'Attacking Midfielder', 1, 3),
                         ('Poland', 69555, 17, '00:37:04', '00:42:41', 'Defending', 0, 1),
                         ('Poland', 3, 17, '00:01:43', '00:31:50', 'Center Forward', 0, 5),
                         ('Poland', 87582, 17, '00:12:21', '00:15:12', 'Attacking Midfielder', 1, 3),
                         ('Poland', 69555, 18, '00:55:19', '00:56:05', 'Defending', 0, 4),
                         ('Poland', 87582, 18, '01:02:24', '01:15:44', 'Attacking Midfielder', 0, 0),
                         ('Iran', 5359, 18, '00:24:44', '01:02:05', 'Right Midfielder', 0, 0),
                         ('United States', 7, 19, '00:08:50', '00:10:08', 'Left Midfielder', 0, 3),
                         ('United States', 8778, 19, '01:10:05', '01:14:05', 'Attacking Midfielder', 0, 5),
                         ('United States', 53134, 19, '00:37:46', '01:08:17', 'Center Forward', 0, 1),
                         ('United States', 2972, 19, '00:46:38', '00:54:29', 'Left Midfielder', 0, 1),
                         ('Poland', 69555, 20, '00:06:24', '01:28:50', 'Defending', 0, 0),
                         ('Portugal', 30, 20, '00:48:04', '00:51:59', 'Center Back', 0, 1),
                         ('Portugal', 68, 20, '00:50:08', '01:26:13', 'Left Fullback', 0, 5),
                         ('Portugal', 1564, 20, '00:48:06', '01:26:52', 'Attacking Midfielder', 0, 1),
                         ('Portugal', 81494, 20, '01:02:39', '01:13:06', 'Center Back', 0, 0),
                         ('Portugal', 30, 21, '00:06:56', '00:24:44', 'Center Back', 0, 5),
                         ('Portugal', 1564, 21, '00:16:44', '01:08:50', 'Attacking Midfielder', 0, 1),
                         ('United States', 2972, 21, '00:48:48', '01:07:06', 'Left Midfielder', 0, 2),
                         ('United States', 2190, 21, '00:30:35', '00:32:44', 'Center Back', 0, 3),
                         ('United States', 8778, 21, '00:54:32', '00:55:05', 'Attacking Midfielder', 0, 1),
                         ('Brazil', 54286, 22, '00:23:04', '01:01:15', 'Right Fullback', 0, 3),
                         ('Poland', 69555, 22, '00:09:59', '00:28:17', 'Defending', 0, 4),
                         ('Poland', 3, 22, '00:08:32', '00:56:27', 'Center Forward', 0, 4),
                         ('Poland', 69555, 23, '00:35:35', '01:26:03', 'Defending', 0, 0),
                         ('Poland', 3, 23, '00:20:48', '01:20:04', 'Center Forward', 0, 4),
                         ('Poland', 87582, 23, '00:17:51', '01:12:30', 'Attacking Midfielder', 0, 2),
                         ('Croatia', 953, 24, '00:14:39', '00:26:05', 'Center Back', 0, 4),
                         ('Portugal', 30, 25, '00:04:36', '01:18:16', 'Center Back', 0, 5),
                         ('Portugal', 1564, 25, '00:19:45', '01:29:16', 'Attacking Midfielder', 0, 0),
                         ('Portugal', 81494, 25, '00:39:58', '01:14:25', 'Center Back', 0, 1),
                         ('Portugal', 30, 26, '01:02:46', '01:22:29', 'Center Back', 0, 3),
                         ('United States', 8778, 26, '00:06:38', '01:25:13', 'Attacking Midfielder', 0, 3),
                         ('France', 37160, 27, '01:15:19', '01:26:04', 'Goalie', 0, 0),
                         ('Japan', 5688, 27, '00:48:47', '00:56:34', 'Goalie', 0, 2),
                         ('Brazil', 54286, 28, '00:46:42', '01:16:12', 'Right Fullback', 0, 3),
                         ('Brazil', 62, 28, '00:49:28', '00:54:33', 'Attacking Midfielder', 0, 4),
                         ('Poland', 69555, 28, '00:08:38', '01:28:25', 'Defending', 0, 1),
                         ('Poland', 3, 28, '00:03:40', '01:01:21', 'Center Forward', 0, 1),
                         ('Canada', 12, 29, '00:11:51', '00:44:23', 'Defending', 0, 1),
                         ('Canada', 238, 29, '01:03:06', '01:20:06', 'Left Fullback', 0, 0),
                         ('Canada', 12, 30, '00:07:47', '00:48:07', 'Defending', 0, 5),
                         ('Portugal', 30, 30, '00:03:23', '00:38:22', 'Center Back', 0, 0),
                         ('Brazil', 54286, 31, '00:16:09', '00:56:20', 'Right Fullback', 0, 0),
                         ('Brazil', 62, 31, '00:25:13', '01:03:42', 'Attacking Midfielder', 1, 2),
                         ('Brazil', 4, 31, '00:12:56', '00:33:05', 'Center Back', 1, 3),
                         ('Mexico', 7649, 32, '00:57:12', '01:04:42', 'Left Midfielder', 0, 5);



INSERT INTO Customers(email,password) VALUES

                                          ('drizzello1i@1und1.de','fPL9F96SVFcR'),
                                          ('pmatzke2d@jimdo.com','4Px3iL'),
                                          ('rkrale6c@i2i.jp','VAZDUbZ'),
                                          ('pedscer9g@sun.com','5NKFEBM2pF2'),
                                          ('twegnerat@shop-pro.jp','G0qTWqal9o'),
                                          ('schappelowd7@scientificamerican.com','o1ICWsOb'),
                                          ('tbroadleydh@rambler.ru','BEJdbDQ'),
                                          ('bjellimanfb@globo.com','UAhH1avBa4'),
                                          ('rblatcherfx@sakura.ne.jp','PSWXtbnTJ3L'),
                                          ('scorradinofy@indiegogo.com','WKRUIzItMmjc'),
                                          ('rmorrelh2@ftc.gov','JgySZ2F'),
                                          ('lcossletthm@uiuc.edu','z0QK7nEcJ'),
                                          ('acorsarih@theguardian.com','Rm3gK0jloovp'),
                                          ('mblachfordiv@ask.com','8aXdsI0NuZKO'),
                                          ('bstaningl9@privacy.gov.au','aZwdC0nJggBs'),
                                          ('alelj@ovh.net','AZxTRKd68x'),
                                          ('kyakolevmb@soundcloud.com','xrRkLqq'),
                                          ('cbellin1@hexun.com','9KMqO4B'),
                                          ('tbourgaizene@privacy.gov.au','6wqF3A62FYD'),
                                          ('agreetlandoi@microsoft.com','9dj7et8LxF'),
                                          ('abeddoeok@illinois.edu','5Yeb83HeeWxI'),
                                          ('mrevellepb@nasa.gov','qkCdIov'),
                                          ('mrymourpd@hugedomains.com','RtxfZcyW4'),
                                          ('pdoolanqt@delicious.com','1w50Bow2');



INSERT INTO Billing_addresses(aid, address, address2, city, province, country, postal_code, phone, name,email)
VALUES

    (6746341062,'5243 Larry Junction','Suite 39','Carvalheira','Viana do Castelo','China','93616 CEDEX','509-294-0180','Dex Rizzello','drizzello1i@1und1.de'),
    (5020774766,'74 Schiller Plaza','6th Floor','Stockholm','Stockholm','China','19178','215-441-1108','Polly Matzke','pmatzke2d@jimdo.com'),
    (8942316700,'20 Knutson Alley','1st Floor','Ourozinho','Viseu','Panama','13568 CEDEX 02','700-278-9138','Rosalia Krale','rkrale6c@i2i.jp'),
    (2578562717,'779 Sage Junction','Apt 1016','San Diego','California','Russia','17014 CEDEX 1','405-469-9453','Pammy Edscer','pedscer9g@sun.com'),
    (0472356569,'5 Mariners Cove Terrace','PO Box 72457','Jarry','Guadeloupe','China','63150','314-317-6374','Timmy Wegner','twegnerat@shop-pro.jp'),
    (4729991699,'9 Holmberg Road','PO Box 53792','Almere Haven','Provincie Flevoland','United States','31210','507-651-9144','Sabra Chappelow','schappelowd7@scientificamerican.com'),
    (9691448483,'5451 Village Green Junction','Suite 45','Storvreta','Uppsala','United States','02019 CEDEX','493-337-1743','Trumann Broadley','tbroadleydh@rambler.ru'),
    (4434474693,'53727 Golf Plaza','13th Floor','Bancroft','Ontario','Philippines','250 06','244-841-4431','Bekki Jelliman','bjellimanfb@globo.com'),
    (7003214318,'0812 Farmco Crossing','9th Floor','Nîmes','Languedoc-Roussillon','Sweden','25610','847-241-6341','Rubin Blatcher','rblatcherfx@sakura.ne.jp'),
    (8840082042,'39190 East Alley','PO Box 45053','Kitchener','Ontario','Japan','3105-222','366-535-2701','Sheffy Corradino','scorradinofy@indiegogo.com'),
    (7861989852,'0836 Corscot Parkway','Room 1970','Digne-les-Bains','Provence-Alpes-Côte dAzur','France','3840-386','738-156-8193','Reina Morrel','rmorrelh2@ftc.gov'),
    (9668556313,'6 Beilfuss Avenue','Suite 63','Karlskrona','Blekinge','Greece','0487','652-402-5204','Lucina Cosslett','lcossletthm@uiuc.edu'),
    (4549542861,'90198 Maple Wood Crossing','Suite 38','Hamilton','Ohio','Palestinian Territory','75483','919-667-5498','Augustina Corsar','acorsarih@theguardian.com'),
    (2577713592,'3 Golden Leaf Circle','Suite 67','Péruwelz','Wallonie','China','3550-053','681-588-7098','Mona Blachford','mblachfordiv@ask.com'),
    (6622219311,'3 Twin Pines Avenue','PO Box 25803','Souto','Viseu','Russia','801 84','409-606-5792','Bartram Staning','bstaningl9@privacy.gov.au'),
    (4097269747,'373 Granby Circle','Suite 55','Nogueira','Porto','Russia','73209 CEDEX','540-611-8242','Ainslie Le Barr','alelj@ovh.net'),
    (9854835243,'5 Macpherson Center','Apt 1458','Portel','Évora','Albania','781 96','267-816-4418','Kate Yakolev','kyakolevmb@soundcloud.com'),
    (7805051763,'47 Dayton Alley','18th Floor','Taveiro','Coimbra','Peru','14018 CEDEX 2','352-338-9046','Cicely Belli','cbellin1@hexun.com'),
    (1347079793,'4182 Montana Parkway','19th Floor','Rosais','Ilha de São Jorge','Japan','2350-089','489-741-7586','Ted Bourgaize','tbourgaizene@privacy.gov.au'),
    (8714341344,'580 Dunning Street','Suite 62','Caen','Basse-Normandie','Greece','4740-497','301-478-9836','Alia Greetland','agreetlandoi@microsoft.com'),
    (0270074988,'3119 Brickson Park Avenue','Room 1039','Hagondange','Lorraine','Poland','7600-314','937-134-8091','Allis Beddoe','abeddoeok@illinois.edu'),
    (7843605274,'442 Buhler Terrace','Suite 62','Grand Rapids','Michigan','China','4825-171','292-537-3034','Melisse Revelle','mrevellepb@nasa.gov'),
    (4979184340,'50258 Ludington Pass','8th Floor','Oyonnax','Rhône-Alpes','China','94209 CEDEX','121-350-6658','Miles Rymour','mrymourpd@hugedomains.com'),
    (1402957750,'26820 Carey Junction','Room 120','Carregal','Aveiro','Indonesia','44911 CEDEX 9','263-985-7028','Priscilla Doolan','pdoolanqt@delicious.com');




INSERT INTO Credit_cards(c_num, c_type, cvv, expiration_dm, aid, carholder_name)
VALUES

    (30446052427720,'diners-club-carte-blanche',969,'2025-05-13',6746341062,'Dex Rizzello'),
    (3554742673063831,'jcb',231,'2027-06-30',5020774766,'Polly Matzke'),
    (374283000639039,'americanexpress',923,'2025-04-26',8942316700,'Rosalia Krale'),
    (6333581649292323953,'switch',442,'2025-05-02',2578562717,'Pammy Edscer'),
    (3578744754471554,'jcb',545,'2026-12-03',0472356569,'Timmy Wegner'),
    (675973226362366778,'switch',377,'2026-07-02',4729991699,'Sabra Chappelow'),
    (3573194402236089,'jcb',744,'2025-04-15',9691448483,'Trumann Broadley'),
    (3551737730775503,'jcb',368,'2026-08-31',4434474693,'Bekki Jelliman'),
    (3585257477272549,'jcb',116,'2025-06-20',7003214318,'Rubin Blatcher'),
    (5100174579141947,'mastercard',394,'2026-10-20',8840082042,'Sheffy Corradino'),
    (5492441330744251,'diners-club-us-ca',311,'2027-05-07',7861989852,'Reina Morrel'),
    (676246887209371633,'maestro',453,'2025-10-12',9668556313,'Lucina Cosslett'),
    (3564246181368714,'jcb',677,'2025-04-12',4549542861,'Augustina Corsar'),
    (4913246645065613,'visa-electron',539,'2027-07-23',2577713592,'Mona Blachford'),
    (3555235840230010,'jcb',903,'2027-01-21',6622219311,'Bartram Staning'),
    (6334852340138591,'solo',552,'2027-11-25',4097269747,'Ainslie Le Barr'),
    (3559960651268181,'jcb',693,'2027-05-28',9854835243,'Kate Yakolev'),
    (3572476708383405,'jcb',486,'2027-09-29',7805051763,'Cicely Belli'),
    (3542039714408314,'jcb',153,'2027-11-07',1347079793,'Ted Bourgaize'),
    (3567735156038671,'jcb',469,'2026-05-18',8714341344,'Alia Greetland'),
    (5450423967189273,'mastercard',879,'2026-03-26',0270074988,'Allis Beddoe'),
    (3563052316969892,'jcb',240,'2025-04-03',7843605274,'Melisse Revelle'),
    (5602229543029212067,'china-unionpay',236,'2027-03-23',4979184340,'Miles Rymour'),
    (5371507608331074,'mastercard',127,'2025-05-02',1402957750,'Priscilla Doolan');


INSERT INTO tickets(tid,section,row,seat,listed_price,gid)
VALUES
(0260055778,16,86,40,258,16),
(0260055777,16,86,41,258,16),
(0260055776,16,86,42,258,16),
(0260055775,16,86,43,258,16),
(4542653841,23,21,61,384,23),
(4542653842,23,21,62,384,23),
(4542653843,23,21,63,384,23),
(4542653844,23,21,64,384,23),
(4542653845,23,21,66,384,23),
(4124174401,4,85,19,192,4),
(4124174402,4,85,20,192,4),
(4124174403,4,85,21,192,4),
(4124174404,4,85,22,192,4),
(4124174405,4,85,23,192,4),
(2980181881,13,83,100,279,13),
(2980181882,13,83,101,279,13),
(2980181883,13,83,102,279,13),
(2980181884,13,83,103,279,13),
(2980181885,13,83,104,279,13),
(2980181886,13,83,105,279,13),
(9418364956,22,32,87,203,22),
(9418364957,22,32,88,203,22),
(9418364958,22,32,89,203,22),
(9418364959,22,32,90,203,22),
(0962712736,6,30,91,256,6),
(0962712737,6,30,92,256,6),
(0962712738,6,30,93,256,6),
(0962712739,6,30,94,256,6),
(2699283150,9,1,95,209,9),
(2699283151,9,1,96,209,9),
(2699283152,9,1,97,209,9),
(2699283153,9,1,98,209,9),
(7277473280,12,68,90,292,12),
(1121442528,10,15,42,326,10),
(5498245947,20,37,13,376,20),
(1878268902,2,18,86,400,2),
(7820110910,22,7,90,341,22),
(8882933717,11,38,99,231,11),
(7073649976,17,19,53,227,17),
(8934237848,2,35,36,276,2),
(4103915870,23,82,30,323,23),
(4741501248,1,98,80,121,1),
(5996726130,9,23,19,395,9),
(0762250526,5,18,6,161,5),
(2333906103,5,78,26,236,5),
(7754860783,2,75,33,201,2),
(2088301607,16,1,31,328,16),
(4432010738,1,60,61,323,1),
(4907455127,18,68,96,252,18),
    (0360055778,16,86,40,258,16),
    (0360055777,16,86,41,258,16),
    (0360055776,16,86,42,258,16),
    (0360055775,16,86,43,258,16),
    (4642653841,23,21,61,384,23),
    (4642653842,23,21,62,384,23),
    (4642653843,23,21,63,384,23),
    (4642653844,23,21,64,384,23),
    (4642653845,23,21,66,384,23),
    (4224174401,4,85,19,192,4),
    (4224174402,4,85,20,192,4),
    (4224174403,4,85,21,192,4),
    (4224174404,4,85,22,192,4),
    (4224174405,4,85,23,192,4),
    (2183181881,13,83,100,279,13),
    (2183181882,13,83,101,279,13),
    (2183181883,13,83,102,279,13),
    (2183181884,13,83,103,279,13),
    (2183181885,13,83,104,279,13),
    (2183181886,13,83,105,279,13),
    (9128364956,22,32,87,203,22),
    (9128364957,22,32,88,203,22),
    (9128364958,22,32,89,203,22),
    (9128364959,22,32,90,203,22),
    (1963712736,6,30,91,256,6),
    (1963712737,6,30,92,256,6),
    (1963712738,6,30,93,256,6),
    (1963712739,6,30,94,256,6),
    (3693283150,9,1,95,209,9),
    (3693283151,9,1,96,209,9),
    (3693283152,9,1,97,209,9),
    (3693283153,9,1,98,209,9),
    (4273473280,12,68,90,292,12),
    (4121442528,10,15,42,326,10),
    (3491245947,20,37,13,376,20),
    (2871268902,2,18,86,400,2),
    (3823110910,22,7,90,341,22),
    (4883933717,11,38,99,231,11),
    (5088649976,17,19,53,227,17),
    (4933237848,2,35,36,276,2),
    (5103915870,23,82,30,323,23),
    (5743501248,1,98,80,121,1),
    (6993726130,9,23,19,395,9),
    (7763250526,5,18,6,161,5),
    (8339906103,5,78,26,236,5),
    (9754860783,2,75,33,201,2),
    (3080301607,16,1,31,328,16),
    (1435010738,1,60,61,323,1),
    (1905455127,18,68,96,252,18);

INSERT INTO Sold_tickets(tid,sold_price)
VALUES

    (0260055778,291),
    (0260055777,291),
    (0260055776,291),
    (0260055775,291),
    (4542653841,85),
    (4542653842,85),
    (4542653843,85),
    (4542653844,85),
    (4542653845,85),
    (4124174401,171),
    (4124174402,171),
    (4124174403,171),
    (4124174404,171),
    (4124174405,171),
    (2980181881,255),
    (2980181882,255),
    (2980181883,255),
    (2980181884,255),
    (2980181885,255),
    (2980181886,255),
    (9418364956,282),
    (9418364957,282),
    (9418364958,282),
    (9418364959,282),
    (0962712736,249),
    (0962712737,249),
    (0962712738,249),
    (0962712739,249),
    (2699283150,184),
    (2699283151,184),
    (2699283152,184),
    (2699283153,184),
    (7277473280,167),
    (1121442528,134),
    (5498245947,158),
    (1878268902,131),
    (7820110910,166),
    (8882933717,134),
    (7073649976,275),
    (8934237848,143),
    (4103915870,108),
    (4741501248,239),
    (5996726130,258),
    (0762250526,181),
    (2333906103,124),
    (7754860783,234),
    (2088301607,277),
    (4432010738,144),
    (4907455127,189);



INSERT INTO Purchases(tid, transaction_id, transaction_date, transaction_time, c_num, email)
VALUES

    (0260055778,'671d5029-4061-457b-b35d-d5aa477dac64','2023-03-31','16:34:14',30446052427720,'drizzello1i@1und1.de'),
    (0260055777,'671d5029-4061-457b-b35d-d5aa477dac64','2023-03-31','16:34:14',30446052427720,'drizzello1i@1und1.de'),
    (0260055776,'671d5029-4061-457b-b35d-d5aa477dac64','2023-03-31','16:34:14',30446052427720,'drizzello1i@1und1.de'),
    (0260055775,'671d5029-4061-457b-b35d-d5aa477dac64','2023-03-31','16:34:14',30446052427720,'drizzello1i@1und1.de'),
    (4542653841,'5aab5e58-d74f-4cf7-9e30-cca6e8f129bf','2023-05-17','10:33:37',3554742673063831,'pmatzke2d@jimdo.com'),
    (4542653842,'5aab5e58-d74f-4cf7-9e30-cca6e8f129bf','2023-05-17','10:33:37',3554742673063831,'pmatzke2d@jimdo.com'),
    (4542653843,'5aab5e58-d74f-4cf7-9e30-cca6e8f129bf','2023-05-17','10:33:37',3554742673063831,'pmatzke2d@jimdo.com'),
    (4542653844,'5aab5e58-d74f-4cf7-9e30-cca6e8f129bf','2023-05-17','10:33:37',3554742673063831,'pmatzke2d@jimdo.com'),
    (4542653845,'5aab5e58-d74f-4cf7-9e30-cca6e8f129bf','2023-05-17','10:33:37',3554742673063831,'pmatzke2d@jimdo.com'),
    (4124174401,'cc336f65-d350-426c-9db1-cafe3a4cda29','2023-05-14','9:35:02',374283000639039,'rkrale6c@i2i.jp'),
    (4124174402,'cc336f65-d350-426c-9db1-cafe3a4cda29','2023-05-14','9:35:02',374283000639039,'rkrale6c@i2i.jp'),
    (4124174403,'cc336f65-d350-426c-9db1-cafe3a4cda29','2023-05-14','9:35:02',374283000639039,'rkrale6c@i2i.jp'),
    (4124174404,'cc336f65-d350-426c-9db1-cafe3a4cda29','2023-05-14','9:35:02',374283000639039,'rkrale6c@i2i.jp'),
    (4124174405,'cc336f65-d350-426c-9db1-cafe3a4cda29','2023-05-14','9:35:02',374283000639039,'rkrale6c@i2i.jp'),
    (2980181881,'c82f80ce-f5c2-4f3c-bad6-6f2573572a44','2023-02-18','18:35:29',6333581649292323953,'pedscer9g@sun.com'),
    (2980181882,'c82f80ce-f5c2-4f3c-bad6-6f2573572a44','2023-02-18','18:35:29',6333581649292323953,'pedscer9g@sun.com'),
    (2980181883,'c82f80ce-f5c2-4f3c-bad6-6f2573572a44','2023-02-18','18:35:29',6333581649292323953,'pedscer9g@sun.com'),
    (2980181884,'c82f80ce-f5c2-4f3c-bad6-6f2573572a44','2023-02-18','18:35:29',6333581649292323953,'pedscer9g@sun.com'),
    (2980181885,'c82f80ce-f5c2-4f3c-bad6-6f2573572a44','2023-02-18','18:35:29',6333581649292323953,'pedscer9g@sun.com'),
    (2980181886,'c82f80ce-f5c2-4f3c-bad6-6f2573572a44','2023-02-18','18:35:29',6333581649292323953,'pedscer9g@sun.com'),
    (9418364956,'b11a3ae7-dd58-4a9c-b77f-b7207e1f7451','2022-10-30','1:46:44',3578744754471554,'twegnerat@shop-pro.jp'),
    (9418364957,'b11a3ae7-dd58-4a9c-b77f-b7207e1f7451','2022-10-30','1:46:44',3578744754471554,'twegnerat@shop-pro.jp'),
    (9418364958,'b11a3ae7-dd58-4a9c-b77f-b7207e1f7451','2022-10-30','1:46:44',3578744754471554,'twegnerat@shop-pro.jp'),
    (9418364959,'b11a3ae7-dd58-4a9c-b77f-b7207e1f7451','2022-10-30','1:46:44',3578744754471554,'twegnerat@shop-pro.jp'),
    (0962712736,'c16fd351-a046-46e4-9951-70ccf84e278f','2022-10-25','21:03:35',675973226362366778,'schappelowd7@scientificamerican.com'),
    (0962712737,'c16fd351-a046-46e4-9951-70ccf84e278f','2022-10-25','21:03:35',675973226362366778,'schappelowd7@scientificamerican.com'),
    (0962712738,'c16fd351-a046-46e4-9951-70ccf84e278f','2022-10-25','21:03:35',675973226362366778,'schappelowd7@scientificamerican.com'),
    (0962712739,'c16fd351-a046-46e4-9951-70ccf84e278f','2022-10-25','21:03:35',675973226362366778,'schappelowd7@scientificamerican.com'),
    (2699283150,'b7e5cc47-8bef-43ec-81d2-81f9d3214d19','2022-12-04','17:19:13',3573194402236089,'tbroadleydh@rambler.ru'),
    (2699283151,'b7e5cc47-8bef-43ec-81d2-81f9d3214d19','2022-12-04','17:19:13',3573194402236089,'tbroadleydh@rambler.ru'),
    (2699283152,'b7e5cc47-8bef-43ec-81d2-81f9d3214d19','2022-12-04','17:19:13',3573194402236089,'tbroadleydh@rambler.ru'),
    (2699283153,'b7e5cc47-8bef-43ec-81d2-81f9d3214d19','2022-12-04','17:19:13',3573194402236089,'tbroadleydh@rambler.ru'),
    (7277473280,'17628a47-0534-4508-a0e1-5fc787108fde','2022-12-08','23:34:27',3551737730775503,'bjellimanfb@globo.com'),
    (1121442528,'0c3ffde3-2f65-4b18-a5ed-dd9902bffa31','2022-10-02','0:09:51',3585257477272549,'rblatcherfx@sakura.ne.jp'),
    (5498245947,'8d36319d-2a4b-4864-a372-ef9e0227ecd0','2022-11-30','14:46:32',5100174579141947,'scorradinofy@indiegogo.com'),
    (1878268902,'b12e7baf-fc61-4a91-965c-35edb2ae1bc4','2022-10-24','6:53:25',5492441330744251,'rmorrelh2@ftc.gov'),
    (7820110910,'4b50772d-9323-4345-9738-b4fe996190e5','2022-12-22','13:00:12',676246887209371633,'lcossletthm@uiuc.edu'),
    (8882933717,'bf014b62-c430-4f5d-81f4-d74e20e31241','2023-02-09','5:59:29',3564246181368714,'acorsarih@theguardian.com'),
    (7073649976,'859de4aa-9c15-4dee-8f6d-7bfc0c7306a4','2023-05-28','20:36:58',4913246645065613,'mblachfordiv@ask.com'),
    (8934237848,'3acfb93f-e9d4-4577-9b1e-eaff44362696','2023-02-09','11:33:39',3555235840230010,'bstaningl9@privacy.gov.au'),
    (4103915870,'c9b63889-bc2d-4e23-9138-2cc00c8f8f88','2023-02-03','12:59:58',6334852340138591,'alelj@ovh.net'),
    (4741501248,'73429d02-a925-42e8-9f6c-601f31dc8fea','2023-03-18','12:00:58',3559960651268181,'kyakolevmb@soundcloud.com'),
    (5996726130,'cdbe841a-96ae-421b-9aa6-9b257067b0a1','2023-03-09','21:43:10',3572476708383405,'cbellin1@hexun.com'),
    (0762250526,'225f1a93-5270-4df6-a7f8-ad66ce87bfad','2022-11-19','1:56:16',3542039714408314,'tbourgaizene@privacy.gov.au'),
    (2333906103,'6b9c2b4f-9f6a-4ac6-a8b5-3da680a08dbe','2023-01-03','5:05:53',3567735156038671,'agreetlandoi@microsoft.com'),
    (7754860783,'fa5e34aa-2301-4616-91ef-24c49dd4e689','2023-04-13','18:37:03',5450423967189273,'abeddoeok@illinois.edu'),
    (2088301607,'5d3b18e7-c4a0-45c5-973d-326a2bd638a0','2023-03-07','12:54:11',3563052316969892,'mrevellepb@nasa.gov'),
    (4432010738,'e8e36e28-2845-4cda-b86b-08daa776a26e','2023-01-08','1:28:16',5602229543029212067,'mrymourpd@hugedomains.com'),
    (4907455127,'f74af4d5-863b-45e6-adc6-95d1056b4e95','2023-02-12','21:57:58',5371507608331074,'pdoolanqt@delicious.com');

